0,<pad>
1,!
2,'anticonstitutionnellement'
3,'em
4,","
5,.
6,000
7,1
8,10
9,100
10,120
11,150
12,16
13,160
14,1636
15,1732
16,1745
17,18
18,1845
19,1865
20,19
21,1920
22,1928
23,1939
24,1941
25,1954
26,1960
27,1963
28,1972
29,1977
30,1978
31,1980
32,1980s
33,1990
34,1995
35,2
36,20
37,2003
38,2007
39,2013
40,20th
41,24
42,25
43,2:30
44,3
45,3:20
46,40
47,4th
48,5
49,50
50,500
51,5th
52,6
53,65
54,6:30
55,7
56,7:30
57,8:30
58,911
59,<end>
60,<start>
61,?
62,a
63,abandon
64,ability
65,able
66,aboard
67,abomination
68,abortion
69,about
70,above
71,abroad
72,absence
73,absent
74,absolute
75,absolutely
76,absorb
77,abuse
78,abused
79,abusing
80,accelerated
81,accent
82,accept
83,accepted
84,accepting
85,accident
86,accidents
87,accompanies
88,accompany
89,accomplished
90,account
91,accurate
92,accused
93,accustomed
94,ace
95,aces
96,ache
97,achieved
98,achilles
99,acknowledge
100,acquaintance
101,acquisition
102,across
103,act
104,acting
105,action
106,actions
107,active
108,actor
109,actress
110,acts
111,actually
112,adapted
113,add
114,added
115,addicted
116,address
117,addressed
118,adjust
119,adjusting
120,admire
121,admit
122,adopt
123,ads
124,adults
125,advance
126,advances
127,advantage
128,advertisements
129,advice
130,advise
131,advised
132,affair
133,affect
134,affected
135,afford
136,afraid
137,africa
138,after
139,afterlife
140,afternoon
141,again
142,against
143,age
144,agency
145,ago
146,agree
147,agreed
148,agrees
149,ahead
150,aid
151,aim
152,aimed
153,ain't
154,air
155,airmail
156,airplane
157,airport
158,alarm
159,albert
160,alcohol
161,alert
162,alexandria
163,algerians
164,alike
165,alive
166,all
167,allergic
168,alley
169,allow
170,allowance
171,allowed
172,almost
173,alone
174,along
175,aloud
176,already
177,also
178,alter
179,alternative
180,although
181,always
182,am
183,amazes
184,amazing
185,ambassador
186,ambition
187,ambulance
188,america
189,american
190,americans
191,amount
192,amplifier
193,an
194,ancient
195,and
196,angel
197,anger
198,angry
199,animal
200,animals
201,annexed
202,announced
203,annoying
204,another
205,answer
206,answered
207,answering
208,ant
209,anthem
210,anticipating
211,ants
212,anxious
213,any
214,anybody
215,anymore
216,anyone
217,anything
218,anytime
219,anyway
220,anyways
221,anywhere
222,apart
223,apartment
224,apologies
225,apologize
226,apologized
227,apology
228,apparent
229,apparently
230,appear
231,appearance
232,appearances
233,appears
234,applauded
235,apple
236,apples
237,application
238,applications
239,appointment
240,appreciate
241,appreciates
242,appreciation
243,approached
244,approve
245,approved
246,april
247,arab
248,arabic
249,arabs
250,arbitrarily
251,arctic
252,are
253,area
254,aren't
255,argentine
256,argue
257,arguing
258,arm
259,army
260,around
261,arrangements
262,arrested
263,arrive
264,arrived
265,arrives
266,arriving
267,arrogance
268,art
269,article
270,articles
271,artificial
272,artist
273,artists
274,as
275,asakusa
276,asap
277,ashamed
278,asia
279,aside
280,ask
281,asked
282,asking
283,asks
284,asleep
285,assistance
286,assume
287,astronaut
288,astronomy
289,astrophysicist
290,at
291,ate
292,atlantis
293,atomic
294,attached
295,attack
296,attacked
297,attempt
298,attempted
299,attempts
300,attend
301,attended
302,attention
303,attic
304,attitude
305,attracted
306,attraction
307,attractions
308,attractive
309,audience
310,aunt
311,australia
312,austria
313,author
314,authorities
315,authority
316,automatic
317,automatically
318,autumn
319,available
320,avenged
321,avenue
322,avocados
323,avoid
324,await
325,awake
326,award
327,aware
328,away
329,awesome
330,awkward
331,babies
332,baby
333,baby's
334,babysitter
335,back
336,backfired
337,backup
338,bad
339,badly
340,baffled
341,bag
342,bags
343,baked
344,baker
345,bald
346,ball
347,balls
348,bananas
349,band
350,bandage
351,bangkok
352,bank
353,banquet
354,bar
355,barged
356,barked
357,barking
358,barley
359,baseball
360,based
361,basket
362,basketball
363,bat
364,bath
365,bathroom
366,bathtub
367,bats
368,battle
369,be
370,beach
371,beak
372,bear
373,bear's
374,beat
375,beautiful
376,beauty
377,became
378,because
379,become
380,bed
381,bedroom
382,bedtime
383,been
384,beer
385,bees
386,before
387,beg
388,began
389,begging
390,begin
391,beginner
392,beginners
393,beginning
394,begins
395,begun
396,behave
397,behaved
398,behaving
399,behavior
400,behind
401,beijing
402,being
403,belgium
404,believe
405,believed
406,believes
407,bell
408,belong
409,belongs
410,belt
411,bench
412,benefit
413,bent
414,berlin
415,beside
416,best
417,bet
418,betray
419,betrayed
420,better
421,between
422,beyond
423,bible
424,bicycle
425,big
426,bigger
427,biggest
428,bike
429,biking
430,bill
431,billion
432,bills
433,biologist
434,biology
435,bird
436,birds
437,birth
438,birthday
439,bit
440,bite
441,bitten
442,bitterly
443,black
444,blackboard
445,blame
446,blanket
447,bless
448,blessing
449,blind
450,blocked
451,blondes
452,blood
453,bloom
454,blowing
455,blue
456,board
457,boarding
458,boat
459,bodies
460,body
461,boil
462,bomb
463,bombed
464,bone
465,bones
466,book
467,books
468,border
469,bore
470,bored
471,boring
472,born
473,borrow
474,borrowed
475,boss
476,boston
477,both
478,bother
479,bothered
480,bothering
481,bothers
482,bottle
483,bottles
484,bottom
485,bottoms
486,bought
487,bowling
488,box
489,boxer
490,boxes
491,boy
492,boyfriend
493,boys
494,bracelet
495,brake
496,brakes
497,brand
498,brave
499,bravely
500,brazil
501,brazilian
502,bread
503,break
504,breakfast
505,breaking
506,breast
507,breath
508,breathe
509,breathless
510,breed
511,bribes
512,bridge
513,briefcase
514,bright
515,brilliant
516,brim
517,bring
518,britain
519,british
520,broadens
521,broke
522,broken
523,broken-down
524,brother
525,brother's
526,brothers
527,brought
528,brown
529,browser
530,brunettes
531,brush
532,brushes
533,budget
534,bug
535,build
536,building
537,built
538,bulgaria
539,bullet
540,bulletproof
541,bunch
542,burial
543,buried
544,burn
545,burned
546,burning
547,burns
548,burst
549,bus
550,bush
551,busiest
552,business
553,businesses
554,businessmen
555,busy
556,but
557,butcher
558,butcher's
559,butter
560,butterfly
561,buy
562,buys
563,by
564,bye
565,cab
566,cage
567,caged
568,cairo
569,cake
570,calculate
571,california
572,call
573,called
574,calling
575,calls
576,calm
577,calmed
578,came
579,camera
580,cameras
581,camping
582,campus
583,can
584,can't
585,canada
586,canadians
587,canaries
588,cancel
589,canceled
590,cancer
591,candlelight
592,candy
593,cannot
594,canyon
595,cap
596,capable
597,capacity
598,capital
599,captain
600,captured
601,car
602,card
603,cards
604,care
605,careful
606,carefully
607,careless
608,cares
609,cargo
610,carp
611,carried
612,carries
613,carrots
614,carry
615,cars
616,case
617,cash
618,castle
619,castles
620,cat
621,catch
622,catches
623,catholic
624,cats
625,cattle
626,caught
627,cause
628,caused
629,causes
630,cave
631,caviar
632,cd
633,cds
634,cease-fire
635,ceiling
636,celebration
637,cell
638,celsius
639,center
640,century
641,ceremony
642,certain
643,certainly
644,chair
645,challenge
646,champagne
647,champion
648,chance
649,chances
650,change
651,changed
652,changes
653,changing
654,channel
655,character
656,charge
657,charges
658,charging
659,charity
660,cheap
661,cheaper
662,cheat
663,cheating
664,check
665,checked
666,cheer
667,cheerful
668,cheers
669,cheese
670,cheeseburgers
671,chemical
672,chemistry
673,cherries
674,chess
675,chest
676,chew
677,chicken
678,chief
679,child
680,child's
681,childhood
682,children
683,chilled
684,china
685,chinese
686,chocolate
687,choice
688,choir
689,cholesterol
690,choose
691,chose
692,christianity
693,christmas
694,church
695,cigarette
696,circle
697,circumstances
698,cities
699,citizen
700,citizens
701,city
702,claimed
703,claims
704,clapton
705,class
706,classes
707,classical
708,classmate
709,classmates
710,classroom
711,claus
712,clean
713,cleaned
714,cleaner
715,cleaning
716,clear
717,clearing
718,clearly
719,clever
720,cliff
721,climate
722,climb
723,climbed
724,climbers
725,clinic
726,clip
727,clock
728,close
729,closed
730,closely
731,closer
732,closest
733,cloth
734,clothes
735,clothing
736,cloud
737,clouds
738,club
739,clubs
740,clues
741,clutch
742,coach
743,coaches
744,coat
745,cobras
746,cocktail
747,coffee
748,coin
749,coins
750,cola
751,cold
752,colder
753,colds
754,collapse
755,collecting
756,collection
757,collects
758,college
759,collisions
760,color
761,columbia
762,combined
763,come
764,comes
765,comfort
766,comfortable
767,comic
768,coming
769,comment
770,commercial
771,committed
772,committee
773,common
774,communicate
775,communism
776,communities
777,company
778,compare
779,comparison
780,competed
781,competition
782,complain
783,complained
784,complaining
785,complains
786,complete
787,completely
788,completion
789,complex
790,complicated
791,computer
792,computer-savvy
793,computers
794,concentrate
795,concentrated
796,concern
797,concerned
798,concert
799,concluded
800,condition
801,conditioner
802,conditions
803,conduct
804,conference
805,confess
806,conflict
807,confront
808,confronted
809,congratulate
810,congratulated
811,congratulations
812,congress
813,connected
814,connection
815,conscience
816,consciousness
817,consequence
818,consequences
819,conservative
820,consider
821,considerable
822,consideration
823,consists
824,constant
825,construction
826,consult
827,consulting
828,consumption
829,contact
830,contain
831,contains
832,content
833,contest
834,context
835,continue
836,continued
837,contract
838,contracted
839,contrary
840,contribute
841,control
842,convenient
843,conversation
844,converse
845,converted
846,conviction
847,convince
848,convinced
849,cook
850,cooked
851,cookies
852,cooking
853,cool
854,cooperation
855,cope
856,copies
857,cops
858,copy
859,copyrighted
860,corner
861,correct
862,cost
863,costly
864,costs
865,cotton
866,couch
867,cough
868,could
869,could've
870,couldn't
871,count
872,counting
873,countries
874,country
875,counts
876,couple
877,courage
878,course
879,court
880,cousin
881,cousins
882,cover
883,coverage
884,covered
885,coward
886,cows
887,crash
888,crashed
889,crawling
890,crazy
891,cream
892,created
893,creative
894,creativity
895,creature
896,credit
897,cremated
898,cricket
899,cried
900,crime
901,crimes
902,crisis
903,critic
904,critical
905,criticizing
906,croatia
907,crocodile
908,cross
909,crossed
910,crowd
911,crowded
912,crown
913,cruel
914,crushed
915,cry
916,crying
917,culture
918,cup
919,cured
920,curious
921,curry
922,curtain
923,customer
924,customs
925,cut
926,cute
927,cutting
928,dad
929,daddy
930,daily
931,damage
932,damaged
933,damages
934,damaging
935,damp
936,dance
937,dancing
938,danger
939,dangerous
940,dare
941,daredevil
942,dark
943,dartboard
944,darwin
945,date
946,dates
947,dating
948,daughter
949,daughters
950,dawn
951,day
952,day's
953,days
954,dead
955,deadly
956,deaf
957,deafing
958,deal
959,deals
960,dealt
961,death
962,debt
963,debts
964,deceived
965,december
966,decide
967,decided
968,deciding
969,decision
970,decisions
971,declined
972,decreasing
973,deep
974,deepest
975,deeply
976,deer
977,defeat
978,defend
979,definite
980,definitely
981,degrees
982,delayed
983,delete
984,deleted
985,delicious
986,deliver
987,delivery
988,demand
989,demanded
990,demanding
991,democracy
992,demonstration
993,denied
994,dent
995,dentist
996,deny
997,depend
998,dependable
999,dependent
1000,depending
1001,depends
1002,depressed
1003,depression
1004,deprive
1005,deprived
1006,derived
1007,describe
1008,deserted
1009,deserve
1010,deserved
1011,deserves
1012,design
1013,designer
1014,desire
1015,desk
1016,desks
1017,despise
1018,despised
1019,despises
1020,dessert
1021,destination
1022,destiny
1023,destroy
1024,destroyed
1025,details
1026,detectives
1027,determined
1028,device
1029,devoted
1030,devout
1031,dialed
1032,diamonds
1033,diary
1034,dictionaries
1035,dictionary
1036,did
1037,didn't
1038,die
1039,died
1040,dies
1041,diet
1042,difference
1043,different
1044,differs
1045,difficult
1046,difficulties
1047,difficulty
1048,dig
1049,digging
1050,dining
1051,dinner
1052,dinosaur
1053,dip
1054,diplomats
1055,dipped
1056,dipping
1057,direct
1058,direction
1059,directions
1060,directly
1061,directory
1062,dirt
1063,disagree
1064,disappeared
1065,disappoint
1066,disappointed
1067,disappointment
1068,disclosed
1069,discovered
1070,discreet
1071,discuss
1072,discussed
1073,disease
1074,dish
1075,dishes
1076,dishonest
1077,dislike
1078,disliked
1079,dislikes
1080,dispensed
1081,dispute
1082,disregarded
1083,distance
1084,distances
1085,distinctive
1086,distinguish
1087,disturb
1088,dived
1089,divided
1090,divorce
1091,divorced
1092,dizzy
1093,dna
1094,do
1095,doable
1096,doctor
1097,doctor's
1098,doctors
1099,document
1100,does
1101,doesn't
1102,dog
1103,dogs
1104,doing
1105,doll
1106,dollar
1107,dollars
1108,dolphin
1109,don't
1110,done
1111,door
1112,door's
1113,doors
1114,doubt
1115,down
1116,down:
1117,downtown
1118,dozen
1119,dr
1120,dragon
1121,drank
1122,draw
1123,drawing
1124,dreaded
1125,dream
1126,dreams
1127,dress
1128,dressed
1129,dresses
1130,drew
1131,drink
1132,drinking
1133,drinks
1134,drive
1135,driver
1136,driver's
1137,drivers
1138,drives
1139,driving
1140,drop
1141,dropped
1142,drove
1143,drowned
1144,drowning
1145,drug
1146,drugstore
1147,drum
1148,drunk
1149,drunken
1150,dry
1151,dudes
1152,due
1153,dug
1154,dumb
1155,during
1156,dust
1157,duties
1158,duty
1159,dying
1160,each
1161,eagerly
1162,earlier
1163,early
1164,earned
1165,ears
1166,earth
1167,earthquake
1168,earthquakes
1169,ease
1170,easier
1171,easily
1172,eastern
1173,easy
1174,eat
1175,eaten
1176,eating
1177,eats
1178,economic
1179,economical
1180,economically
1181,economies
1182,economy
1183,ecuador
1184,edge
1185,education
1186,effect
1187,effort
1188,efforts
1189,egg
1190,eggs
1191,egypt
1192,eight
1193,eight-thirty
1194,eighteen
1195,eighth
1196,eighty-one
1197,einstein's
1198,either
1199,elect
1200,elected
1201,electricity
1202,electronic
1203,element
1204,elevator
1205,eleven
1206,else
1207,else's
1208,email
1209,embarrassed
1210,embarrassing
1211,embassy
1212,emerged
1213,emergency
1214,emotional
1215,emotions
1216,employs
1217,empty
1218,encourage
1219,encouraged
1220,end
1221,endangered
1222,ended
1223,ending
1224,endless
1225,endure
1226,enemies
1227,enemy
1228,energy
1229,engine
1230,engineers
1231,england
1232,english
1233,englishmen
1234,enjoy
1235,enjoyed
1236,enormous
1237,enough
1238,enter
1239,entered
1240,entering
1241,entire
1242,entirely
1243,entrance
1244,entree
1245,envelope
1246,envy
1247,episode
1248,equals
1249,eric
1250,error
1251,errors
1252,escape
1253,escaped
1254,esperanto
1255,essential
1256,europe
1257,european
1258,europeans
1259,even
1260,evening
1261,event
1262,ever
1263,everett
1264,every
1265,everybody
1266,everyday
1267,everyone
1268,everything
1269,everything's
1270,everywhere
1271,evidence
1272,exact
1273,exactly
1274,exaggerate
1275,exaggerating
1276,exam
1277,examination
1278,examined
1279,example
1280,excelled
1281,excellent
1282,except
1283,exchange
1284,exchanged
1285,excuse
1286,excused
1287,exemption
1288,exercise
1289,exhausted
1290,exhibition
1291,exist
1292,existence
1293,exit
1294,expect
1295,expected
1296,expecting
1297,expelled
1298,expense
1299,expenses
1300,expensive
1301,experience
1302,experiment
1303,expert
1304,experts
1305,expires
1306,explain
1307,explanation
1308,exploded
1309,explored
1310,express
1311,expressed
1312,exquisite
1313,extorted
1314,extra
1315,extraordinarily
1316,extraordinary
1317,extremely
1318,extremism
1319,eye
1320,eyes
1321,eyesight
1322,face
1323,facebook
1324,facing
1325,fact
1326,factories
1327,factors
1328,factory
1329,facts
1330,fail
1331,failed
1332,failing
1333,fails
1334,failure
1335,fair
1336,fairly
1337,fairy
1338,faith
1339,fall
1340,fallen
1341,falling
1342,false
1343,familiar
1344,family
1345,famous
1346,fantastic
1347,fantasy
1348,far
1349,farm
1350,farmers
1351,fascinated
1352,fascinating
1353,fashion
1354,fast
1355,fast-food
1356,fasten
1357,faster
1358,fastest
1359,fat
1360,father
1361,father's
1362,fathers
1363,fattening
1364,faucet
1365,faucets
1366,fault
1367,favor
1368,favorite
1369,favorites
1370,fax
1371,fear
1372,feast
1373,feather
1374,february
1375,fed
1376,federation
1377,feed
1378,feel
1379,feeling
1380,feelings
1381,feels
1382,feet
1383,fell
1384,felt
1385,female
1386,fence
1387,fetch
1388,fever
1389,few
1390,fewer
1391,fiber
1392,fierce
1393,fifteen
1394,fifteenth
1395,fifth
1396,fifty
1397,fifty-gallons
1398,fight
1399,fighter
1400,fighting
1401,figure
1402,figured
1403,figures
1404,file
1405,fill
1406,filled
1407,film
1408,films
1409,final
1410,finally
1411,financial
1412,find
1413,finding
1414,finds
1415,fine
1416,finger
1417,fingerprint
1418,finish
1419,finished
1420,fire
1421,fired
1422,firefighter
1423,firefox
1424,fireplace
1425,fireworks
1426,firm
1427,first
1428,fish
1429,fishing
1430,fit
1431,five
1432,five-star
1433,fix
1434,fixed
1435,flag
1436,flags
1437,flame
1438,flames
1439,flat
1440,flavoring
1441,flew
1442,flexible
1443,flight
1444,flip
1445,float
1446,flock
1447,flood
1448,floor
1449,floors
1450,florence
1451,florida
1452,flower
1453,flowers
1454,flu
1455,fluent
1456,fluently
1457,fluoride
1458,flute
1459,fly
1460,flying
1461,focused
1462,folder
1463,follow
1464,followed
1465,following
1466,follows
1467,fonder
1468,food
1469,fool
1470,fooled
1471,foolish
1472,foot
1473,football
1474,for
1475,force
1476,forced
1477,forces
1478,ford
1479,forehead
1480,foreign
1481,forever
1482,forget
1483,forgets
1484,forgetting
1485,forgive
1486,forgiven
1487,forgot
1488,forgotten
1489,fork
1490,form
1491,formal
1492,formed
1493,forms
1494,formula
1495,fortunate
1496,fortunately
1497,forty
1498,forty-six
1499,forward
1500,fought
1501,foul
1502,found
1503,founded
1504,fountain
1505,four
1506,fox
1507,foxes
1508,france
1509,francisco
1510,frankly
1511,freaked
1512,free
1513,freedom
1514,freeze
1515,freezes
1516,freezing
1517,french
1518,frenchman
1519,frequently
1520,fresh
1521,friday
1522,fridays
1523,friend
1524,friend's
1525,friendly
1526,friends
1527,friendship
1528,frightened
1529,frisbee
1530,fritz
1531,from
1532,front
1533,frowned
1534,frozen
1535,fruit
1536,fruits
1537,fuel
1538,fuji
1539,fulfill
1540,full
1541,full-time
1542,fun
1543,funeral
1544,funny
1545,furniture
1546,further
1547,future
1548,gaining
1549,gallery
1550,game
1551,games
1552,gang
1553,garage
1554,garden
1555,gardener
1556,gas
1557,gasoline
1558,gate
1559,gather
1560,gave
1561,gawking
1562,gay
1563,generalizations
1564,generally
1565,genius
1566,gentlemen
1567,george
1568,georgia
1569,german
1570,germany
1571,get
1572,gets
1573,getting
1574,ghost
1575,ghosts
1576,giant
1577,gift
1578,gift-wrap
1579,gifts
1580,gigantic
1581,girl
1582,girl's
1583,girlfriend
1584,girls
1585,give
1586,given
1587,gives
1588,giving
1589,glad
1590,gladly
1591,glanced
1592,glass
1593,glasses
1594,glimpse
1595,global
1596,gloomy
1597,gloves
1598,glowed
1599,go
1600,goal
1601,goat
1602,god
1603,god's
1604,goes
1605,going
1606,gold
1607,golden
1608,golf
1609,gone
1610,gonna
1611,good
1612,goodbye
1613,goods
1614,gossipers
1615,got
1616,gotten
1617,governed
1618,government
1619,gown
1620,grab
1621,grade
1622,grader
1623,grades
1624,graduate
1625,graduated
1626,grand
1627,grandfather
1628,grandmother
1629,grandparents
1630,granite
1631,grapes
1632,grass
1633,grateful
1634,gratitude
1635,grave
1636,gravity
1637,greasy
1638,great
1639,greatest
1640,greatly
1641,greece
1642,greed
1643,greek
1644,green
1645,grew
1646,ground
1647,group
1648,groups
1649,grow
1650,growing
1651,grown
1652,grows
1653,guacamole
1654,guarantee
1655,guard
1656,guess
1657,guest
1658,guests
1659,guide
1660,guilty
1661,guitar
1662,gums
1663,gun
1664,guns
1665,guy
1666,guys
1667,gym
1668,habit
1669,habits
1670,hacked
1671,had
1672,hadn't
1673,hair
1674,hair's
1675,haircut
1676,hairdressers
1677,hairstyle
1678,half
1679,halloween
1680,hamburgers
1681,hamlet
1682,hammer
1683,hand
1684,handbag
1685,handed
1686,handle
1687,hands
1688,handsome
1689,handwriting
1690,hang
1691,happen
1692,happened
1693,happening
1694,happens
1695,happiness
1696,happy
1697,harbor
1698,hard
1699,harder
1700,hardest
1701,hardly
1702,hardworking
1703,harm
1704,harsh
1705,harvard
1706,has
1707,hasn't
1708,hat
1709,hate
1710,hated
1711,hates
1712,hats
1713,haunted
1714,have
1715,haven't
1716,having
1717,hawaii
1718,haystack
1719,he
1720,he'd
1721,he'll
1722,he's
1723,head
1724,headache
1725,headed
1726,health
1727,healthy
1728,hear
1729,heard
1730,hearing
1731,heart
1732,heartbroken
1733,hearts
1734,heat
1735,heating
1736,heaven
1737,heavier
1738,heavily
1739,heavy
1740,height
1741,held
1742,helicopter
1743,hello
1744,help
1745,helped
1746,helping
1747,helps
1748,hens
1749,her
1750,here
1751,here's
1752,heritage
1753,hero
1754,hers
1755,herself
1756,hesitated
1757,hey
1758,hi
1759,hid
1760,hide
1761,hideo
1762,hiding
1763,high
1764,higher
1765,hijackers
1766,hill
1767,hills
1768,him
1769,himself
1770,hire
1771,his
1772,history
1773,hit
1774,hitler
1775,hitting
1776,hobby
1777,hockey
1778,hokkaido
1779,hold
1780,hole
1781,holiday
1782,holidays
1783,holland
1784,home
1785,homer
1786,homesick
1787,hometown
1788,homework
1789,honest
1790,honesty
1791,honey
1792,hong
1793,honolulu
1794,honors
1795,hookah
1796,hope
1797,hopefully
1798,hopeless
1799,hopes
1800,hoping
1801,horizons
1802,horrible
1803,horror
1804,horse
1805,horse's
1806,horses
1807,hospital
1808,hospitals
1809,hostage
1810,hostages
1811,hot
1812,hotel
1813,hotels
1814,hour
1815,hours
1816,house
1817,household
1818,houses
1819,housewives
1820,housework
1821,how
1822,how's
1823,hug
1824,huge
1825,hugged
1826,human
1827,humanity
1828,humans
1829,hundred
1830,hundreds
1831,hung
1832,hunger
1833,hungry
1834,hunt
1835,hunter
1836,hurried
1837,hurry
1838,hurt
1839,hurts
1840,husband
1841,hydrogen
1842,i
1843,i'd
1844,i'll
1845,i'm
1846,i've
1847,ice
1848,iceberg
1849,icelandic
1850,icy
1851,idea
1852,ideal
1853,ideas
1854,identical
1855,idiot
1856,idiots
1857,if
1858,ignorance
1859,ignore
1860,ignoring
1861,ill
1862,illegal
1863,illegally
1864,illness
1865,imaginary
1866,imagination
1867,imagined
1868,imitation
1869,immature
1870,immediately
1871,immune
1872,impact
1873,impolite
1874,importance
1875,important
1876,imported
1877,imports
1878,impossible
1879,impressed
1880,impression
1881,improve
1882,improved
1883,improving
1884,in
1885,incident
1886,including
1887,income
1888,inconvenience
1889,increase
1890,increased
1891,increasing
1892,incredible
1893,indebted
1894,indeed
1895,indefinitely
1896,independence
1897,independent
1898,india
1899,indicate
1900,indicted
1901,indiscretions
1902,indispensable
1903,indisputable
1904,industrial
1905,industry
1906,influence
1907,influenced
1908,inform
1909,information
1910,injured
1911,injury
1912,innocence
1913,innocent
1914,insects
1915,insert
1916,inside
1917,insist
1918,instantly
1919,instead
1920,instigated
1921,instrument
1922,insult
1923,insulted
1924,insurance
1925,intelligent
1926,intend
1927,intent
1928,intention
1929,intentionally
1930,intentions
1931,interest
1932,interested
1933,interesting
1934,interests
1935,international
1936,internet
1937,interrupt
1938,interrupted
1939,interrupting
1940,interruption
1941,intervene
1942,interview
1943,interviewed
1944,into
1945,intriguing
1946,introduce
1947,introduced
1948,invaded
1949,invaluable
1950,invented
1951,investigating
1952,investigation
1953,invitation
1954,invite
1955,invited
1956,inviting
1957,involved
1958,iraq
1959,iron
1960,ironed
1961,irritating
1962,is
1963,islam
1964,island
1965,islands
1966,isn't
1967,issue
1968,issues
1969,istanbul
1970,it
1971,it'd
1972,it'll
1973,it's
1974,italian
1975,italy
1976,its
1977,itself
1978,jacket
1979,jackson
1980,jacksons
1981,jail
1982,jam
1983,january
1984,japan
1985,japanese
1986,jazz
1987,jesus
1988,jet
1989,jets
1990,job
1991,john
1992,john's
1993,join
1994,joins
1995,joints
1996,joke
1997,joking
1998,journey
1999,judaism
2000,judge
2001,judge's
2002,judging
2003,juice
2004,july
2005,jump
2006,jumped
2007,june
2008,jungle
2009,junior
2010,jury
2011,just
2012,justifies
2013,kaddafi
2014,kangaroo
2015,karim
2016,karuizawa
2017,kebab
2018,keep
2019,keeps
2020,kelly
2021,kenya
2022,kept
2023,key
2024,keys
2025,kickbacks
2026,kicked
2027,kid
2028,kidding
2029,kidnappers
2030,kids
2031,kill
2032,killed
2033,killer
2034,kilo
2035,kilometers
2036,kind
2037,kindly
2038,kindness
2039,kinds
2040,king
2041,kiss
2042,kissed
2043,kitchen
2044,kites
2045,knew
2046,knife
2047,knit
2048,knock
2049,knockout
2050,know
2051,knowing
2052,knowledge
2053,known
2054,knows
2055,koala
2056,kong
2057,korea
2058,korean
2059,kuala
2060,kyiv
2061,kyoto
2062,lab
2063,lack
2064,lacking
2065,ladder
2066,ladies
2067,lady
2068,laid
2069,lake
2070,land
2071,landed
2072,landing
2073,language
2074,languages
2075,large
2076,larger
2077,largest
2078,lasagna
2079,last
2080,lasted
2081,late
2082,lately
2083,later
2084,latin
2085,laughed
2086,laughing
2087,laughs
2088,laughter
2089,laundry
2090,law
2091,lawyer
2092,lay
2093,lead
2094,leader
2095,leaking
2096,leaky
2097,leaned
2098,learn
2099,learned
2100,learning
2101,least
2102,leather
2103,leave
2104,leaves
2105,leaving
2106,lecture
2107,led
2108,left
2109,left-handed
2110,leg
2111,legal
2112,legend
2113,legs
2114,lemon
2115,lemons
2116,lend
2117,length
2118,lent
2119,less
2120,lesson
2121,let
2122,let's
2123,lets
2124,letter
2125,letters
2126,letting
2127,levels
2128,liar
2129,liars
2130,library
2131,license
2132,licorice
2133,lid
2134,lie
2135,lied
2136,lies
2137,life
2138,life's
2139,lifeboats
2140,lifespan
2141,lift
2142,lifted
2143,light
2144,lightning
2145,lights
2146,like
2147,liked
2148,likely
2149,likes
2150,limit
2151,limits
2152,lincoln
2153,line
2154,lines
2155,linguistics
2156,lining
2157,lion
2158,lips
2159,list
2160,listen
2161,listened
2162,listener
2163,listening
2164,listens
2165,little
2166,live
2167,lived
2168,lives
2169,living
2170,loan
2171,lobby
2172,local
2173,located
2174,lock
2175,locked
2176,locking
2177,lodging
2178,logarithms
2179,logo
2180,london
2181,lonely
2182,long
2183,longer
2184,longest
2185,look
2186,looked
2187,looking
2188,looks
2189,lose
2190,loses
2191,losing
2192,loss
2193,lost
2194,lot
2195,lots
2196,loud
2197,louder
2198,loudly
2199,love
2200,loved
2201,lovely
2202,lover
2203,loves
2204,loving
2205,low
2206,luck
2207,luckily
2208,lucky
2209,lump
2210,lumpur
2211,lunch
2212,lung
2213,lying
2214,lynn
2215,m
2216,machine
2217,mad
2218,made
2219,madrid
2220,magazine
2221,magazines
2222,magnesium
2223,mahjong
2224,maid
2225,mail
2226,mailbox
2227,mailing
2228,main
2229,maintenance
2230,major
2231,majority
2232,make
2233,makes
2234,making
2235,malaria
2236,mali
2237,mammal
2238,man
2239,man's
2240,managed
2241,manager
2242,manchester
2243,maniac
2244,many
2245,map
2246,march
2247,mark
2248,market
2249,marketing
2250,marriage
2251,married
2252,marry
2253,mars
2254,mary
2255,mary's
2256,maryam
2257,massage
2258,master
2259,mastering
2260,mat
2261,match
2262,matches
2263,math
2264,mathematics
2265,matter
2266,matters
2267,may
2268,maybe
2269,maze
2270,me
2271,meal
2272,meals
2273,mealtime
2274,mean
2275,meaning
2276,meanings
2277,means
2278,meant
2279,measles
2280,measure
2281,measured
2282,meat
2283,mecca
2284,medical
2285,medicine
2286,medieval
2287,meet
2288,meeting
2289,member
2290,members
2291,memorize
2292,memorizing
2293,memory
2294,men
2295,mention
2296,merciful
2297,mercy
2298,merry
2299,mess
2300,message
2301,messages
2302,messed
2303,messengers
2304,met
2305,meters
2306,method
2307,mexico
2308,michael
2309,microphone
2310,microscope
2311,microwave
2312,mid-july
2313,mid-june
2314,middle
2315,midnight
2316,might
2317,migrate
2318,mild
2319,milder
2320,mile
2321,miles
2322,milk
2323,million
2324,mind
2325,mine
2326,mineral
2327,minute
2328,minutes
2329,mirror
2330,miss
2331,missed
2332,missing
2333,mission
2334,mistake
2335,mistaken
2336,mistakenly
2337,mistakes
2338,misunderstanding
2339,misunderstood
2340,mix
2341,mobile
2342,mocked
2343,mocking
2344,model
2345,mom
2346,moment
2347,momentous
2348,mommy
2349,monastery
2350,monday
2351,mondays
2352,money
2353,monkey
2354,monotheistic
2355,monster
2356,month
2357,months
2358,mood
2359,moon
2360,moonlight
2361,mop
2362,more
2363,morning
2364,mornings
2365,mortgage
2366,moscow
2367,mosque
2368,mosques
2369,most
2370,mother
2371,mother's
2372,mothers
2373,motorcycle
2374,mountain
2375,mountains
2376,mourning
2377,mouse
2378,mouth
2379,move
2380,moved
2381,moves
2382,movie
2383,movies
2384,mp3
2385,mr
2386,mt
2387,muammar
2388,much
2389,mud
2390,mugged
2391,murder
2392,murdered
2393,museum
2394,museums
2395,music
2396,muslim
2397,muslims
2398,must
2399,must've
2400,mustn't
2401,mutual
2402,my
2403,myself
2404,mystery
2405,mythology
2406,nagoya
2407,nail
2408,naked
2409,name
2410,named
2411,names
2412,nap
2413,nara
2414,narita
2415,narrowly
2416,nation
2417,nation's
2418,national
2419,nationality
2420,native
2421,natural
2422,nature
2423,naughty
2424,near
2425,nearby
2426,nearest
2427,nearly
2428,neat
2429,necessarily
2430,necessary
2431,necklace
2432,necktie
2433,need
2434,needed
2435,needle
2436,needs
2437,needy
2438,negative
2439,neglect
2440,neighbor
2441,neighborhood
2442,neighbors
2443,neither
2444,nerve-wracking
2445,nerves
2446,nervous
2447,net
2448,never
2449,new
2450,news
2451,newspaper
2452,newspapers
2453,next
2454,nice
2455,nick
2456,night
2457,nightclub
2458,nightmarish
2459,nine
2460,nineties
2461,no
2462,nobody
2463,nobody's
2464,nodded
2465,nods
2466,noguchi
2467,noise
2468,none
2469,nonsense
2470,nonsmokers
2471,noon
2472,nor
2473,normal
2474,normally
2475,north
2476,norway
2477,nose
2478,not
2479,note
2480,notebook
2481,noted
2482,nothing
2483,notice
2484,noticed
2485,novel
2486,novelist
2487,now
2488,nowadays
2489,nowhere
2490,number
2491,numbers
2492,numerous
2493,nurse
2494,nutritious
2495,nuts
2496,o'clock
2497,obedient
2498,obey
2499,object
2500,objects
2501,oblivious
2502,observant
2503,observe
2504,observed
2505,obvious
2506,obviously
2507,occasion
2508,occasions
2509,occupation
2510,occur
2511,occurred
2512,occurs
2513,october
2514,oddly
2515,of
2516,off
2517,offer
2518,offered
2519,office
2520,officer
2521,offline
2522,often
2523,oh
2524,oil
2525,ok
2526,okay
2527,old
2528,older
2529,on
2530,once
2531,one
2532,one's
2533,ones
2534,onion
2535,only
2536,open
2537,opened
2538,opening
2539,opens
2540,opera
2541,opinion
2542,opinions
2543,opossum
2544,opportunity
2545,opposite
2546,options
2547,or
2548,orange
2549,oranges
2550,orangutans
2551,order
2552,ordered
2553,orders
2554,organize
2555,organized
2556,origin
2557,original
2558,orphan
2559,osaka
2560,ostriches
2561,other
2562,others
2563,otherwise
2564,ottawa
2565,ought
2566,our
2567,ours
2568,ourselves
2569,out
2570,outraged
2571,outside
2572,oven
2573,over
2574,overcome
2575,overlook
2576,overlooking
2577,overnight
2578,overseas
2579,overslept
2580,owe
2581,owl
2582,own
2583,owns
2584,oxygen
2585,oysters
2586,p
2587,pacemaker
2588,pack
2589,page
2590,pages
2591,paid
2592,pain
2593,painful
2594,painted
2595,painter
2596,painting
2597,paintings
2598,pair
2599,pale
2600,pandas
2601,panicked
2602,pants
2603,paper
2604,papers
2605,parcel
2606,pardon
2607,parent
2608,parents
2609,paris
2610,park
2611,parked
2612,parking
2613,parks
2614,part
2615,participated
2616,participation
2617,parties
2618,partner
2619,parts
2620,party
2621,pass
2622,passed
2623,passengers
2624,passion
2625,passport
2626,password
2627,passwords
2628,past
2629,patient
2630,patiently
2631,patients
2632,pause
2633,pay
2634,paying
2635,peace
2636,peaceful
2637,peach
2638,peanuts
2639,pearl
2640,pearls
2641,peasant
2642,peel
2643,pelican
2644,pen
2645,pencil
2646,pencils
2647,pens
2648,people
2649,pepper
2650,peppers
2651,perceptive
2652,perfect
2653,perform
2654,performance
2655,performed
2656,perhaps
2657,person
2658,personal
2659,personality
2660,personally
2661,persuade
2662,persuaded
2663,pet
2664,pharmacy
2665,phase
2666,philip
2667,philippines
2668,philosopher
2669,phone
2670,phoned
2671,phones
2672,photo
2673,photos
2674,phrased
2675,physical
2676,physics
2677,pianist
2678,piano
2679,picasso
2680,pick
2681,picked
2682,pickpockets
2683,pickup
2684,picnic
2685,picture
2686,pictures
2687,pie
2688,piece
2689,pieces
2690,pigeon
2691,pillow
2692,pills
2693,pilot
2694,pineapple
2695,pink
2696,pipes
2697,pistol
2698,pit
2699,pitcher
2700,pizza
2701,place
2702,placed
2703,placing
2704,plague
2705,plain
2706,plan
2707,plane
2708,planes
2709,planet
2710,planned
2711,planning
2712,plans
2713,planted
2714,plants
2715,plastic
2716,plates
2717,play
2718,played
2719,player
2720,players
2721,playing
2722,plays
2723,pleasant
2724,please
2725,pleased
2726,pleasure
2727,pledge
2728,plenty
2729,plotting
2730,plus
2731,pneumonia
2732,pocket
2733,pocketknife
2734,poem
2735,poems
2736,poet
2737,poetry
2738,point
2739,pointed
2740,points
2741,poison
2742,poisonous
2743,pole
2744,police
2745,policeman
2746,policemen
2747,policy
2748,polish
2749,polite
2750,politically
2751,politics
2752,pollution
2753,pond
2754,ponder
2755,pool
2756,pools
2757,poor
2758,poorest
2759,pop
2760,popular
2761,popularity
2762,population
2763,portuguese
2764,position
2765,positive
2766,possibility
2767,possible
2768,possibly
2769,post
2770,postpone
2771,postponed
2772,pot
2773,potatoes
2774,potential
2775,pound
2776,pounds
2777,pour
2778,poured
2779,power
2780,powerful
2781,powerless
2782,practical
2783,practice
2784,practiced
2785,practicing
2786,praise
2787,pray
2788,prayed
2789,precedes
2790,predictions
2791,prefer
2792,preferred
2793,prefers
2794,pregnant
2795,prepared
2796,preparing
2797,presence
2798,present
2799,presents
2800,preserve
2801,president
2802,press
2803,pressed
2804,pressure
2805,pretend
2806,pretended
2807,pretending
2808,prettier
2809,pretty
2810,prevent
2811,prevented
2812,price
2813,prices
2814,prickly
2815,priest
2816,prince
2817,princess
2818,principal
2819,principles
2820,printed
2821,printing
2822,prison
2823,privacy
2824,private
2825,privilege
2826,prize
2827,probably
2828,problem
2829,problem-solver
2830,problems
2831,process
2832,produced
2833,product
2834,products
2835,professional
2836,profit
2837,profound
2838,program
2839,project
2840,prolonged
2841,promise
2842,promised
2843,promoted
2844,promotion
2845,pronunciation
2846,proof
2847,properly
2848,property
2849,proposal
2850,proposed
2851,protect
2852,protection
2853,proud
2854,prove
2855,proven
2856,provided
2857,pry
2858,published
2859,pull
2860,pulse
2861,pun
2862,punished
2863,punishing
2864,punishment
2865,pure
2866,purpose
2867,purse
2868,pursuit
2869,pus
2870,push-ups
2871,pushed
2872,put
2873,qualified
2874,quality
2875,quarrel
2876,quarter
2877,queen
2878,question
2879,questions
2880,quick
2881,quickly
2882,quiet
2883,quietly
2884,quit
2885,quite
2886,quote
2887,quotes
2888,rabbit
2889,rabbits
2890,raccoon
2891,race
2892,racket
2893,radicals
2894,radio
2895,railroad
2896,rain
2897,rainbow
2898,rained
2899,raining
2900,rains
2901,rainy
2902,raise
2903,raised
2904,ramadan
2905,ran
2906,rang
2907,ranges
2908,rap
2909,rapidly
2910,rarely
2911,rate
2912,rather
2913,rational
2914,rats
2915,ratted
2916,raw
2917,reached
2918,read
2919,readers
2920,reading
2921,reads
2922,ready
2923,real
2924,realize
2925,realized
2926,really
2927,reap
2928,rear
2929,rear-ended
2930,rear-view
2931,reared
2932,reason
2933,rebellious
2934,recall
2935,receipt
2936,receive
2937,received
2938,recent
2939,recently
2940,recipe
2941,reciprocated
2942,recital
2943,reckon
2944,recognize
2945,recognized
2946,recognizing
2947,recommend
2948,recommended
2949,reconfirm
2950,reconsider
2951,record
2952,recovered
2953,recovery
2954,red
2955,refers
2956,refreshed
2957,refrigerator
2958,refuse
2959,refused
2960,regain
2961,regained
2962,regarding
2963,regards
2964,registered
2965,regret
2966,regularly
2967,related
2968,relation
2969,relationship
2970,relatively
2971,relatives
2972,relativity
2973,relax
2974,released
2975,relief
2976,relies
2977,relieve
2978,religions
2979,rely
2980,relying
2981,remained
2982,remains
2983,remarkable
2984,remarks
2985,remember
2986,remembered
2987,remembering
2988,remembers
2989,remind
2990,reminded
2991,reminds
2992,remote
2993,remove
2994,removed
2995,rent
2996,repair
2997,repaired
2998,repairs
2999,repeat
3000,repeats
3001,replied
3002,reply
3003,report
3004,representative
3005,request
3006,require
3007,required
3008,requires
3009,reread
3010,resembles
3011,reservation
3012,reservations
3013,reserve
3014,reserved
3015,resign
3016,resigned
3017,resist
3018,resolve
3019,resort
3020,resources
3021,respect
3022,respected
3023,respectful
3024,responding
3025,responses
3026,responsibility
3027,responsible
3028,rest
3029,restaurant
3030,restaurants
3031,rested
3032,restroom
3033,result
3034,results
3035,resume
3036,retired
3037,retiring
3038,return
3039,returned
3040,reveal
3041,revolve
3042,rewrite
3043,rewrote
3044,rice
3045,rich
3046,richest
3047,rid
3048,ride
3049,rides
3050,ridiculous
3051,rifle
3052,right
3053,rights
3054,ring
3055,ringing
3056,riot
3057,rioters
3058,ripped
3059,risen
3060,rising
3061,risk
3062,risks
3063,rituals
3064,river
3065,road
3066,roads
3067,robbed
3068,robbery
3069,robinson
3070,rock
3071,rocket
3072,rocks
3073,rode
3074,role
3075,romania
3076,romans
3077,rome
3078,roof
3079,room
3080,roommates
3081,rooms
3082,roosevelt
3083,rooted
3084,rose
3085,roses
3086,rot
3087,rotates
3088,rotten
3089,rough
3090,round
3091,routine
3092,rude
3093,rule
3094,rules
3095,rumor
3096,run
3097,runner
3098,running
3099,runny
3100,runs
3101,rushed
3102,russia
3103,russian
3104,ruthless
3105,s
3106,sad
3107,safe
3108,safely
3109,said
3110,sailor
3111,sails
3112,sakura's
3113,salad
3114,salary
3115,sales
3116,salesman
3117,salt
3118,same
3119,samples
3120,san
3121,sand
3122,sandwich
3123,sane
3124,sang
3125,santa
3126,sat
3127,satisfactory
3128,satisfied
3129,satoru
3130,saturday
3131,save
3132,saved
3133,saving
3134,savings
3135,saw
3136,say
3137,saying
3138,says
3139,scar
3140,scarcely
3141,scare
3142,scared
3143,scarf
3144,scary
3145,scene
3146,scenery
3147,scheduled
3148,school
3149,schools
3150,science
3151,scientist
3152,scissors
3153,scold
3154,scolded
3155,score
3156,scored
3157,scores
3158,scotland
3159,scratched
3160,screamed
3161,sea
3162,season
3163,seat
3164,seatbelt
3165,seats
3166,seaworthy
3167,second
3168,seconds
3169,secret
3170,secretary
3171,section
3172,see
3173,seeds
3174,seeing
3175,seem
3176,seemed
3177,seems
3178,seen
3179,sees
3180,seldom
3181,selfish
3182,sell
3183,selling
3184,sells
3185,semester
3186,send
3187,senior
3188,sense
3189,sensible
3190,sensing
3191,sensitive
3192,sent
3193,sentence
3194,sentenced
3195,sentences
3196,september
3197,serious
3198,seriously
3199,servant
3200,servants
3201,served
3202,serves
3203,services
3204,set
3205,settle
3206,settled
3207,seven
3208,seventeen
3209,seventy-two
3210,several
3211,severe
3212,severely
3213,sexy
3214,shade
3215,shadow
3216,shake
3217,shakespeare
3218,shall
3219,shame
3220,shameful
3221,shampoo
3222,shanghai
3223,shape
3224,share
3225,shared
3226,shark
3227,sharp
3228,sharpening
3229,she
3230,she'll
3231,she's
3232,sheep's
3233,sheer
3234,sheets
3235,shelf
3236,shelter
3237,sheâ€™s
3238,shikoku
3239,ship
3240,shipping
3241,shirt
3242,shirts
3243,shizuoka
3244,shock
3245,shoe
3246,shoes
3247,shoot
3248,shooter's
3249,shop
3250,shopkeeper
3251,shopping
3252,shops
3253,short
3254,shortage
3255,shortcuts
3256,shorter
3257,shortly
3258,shot
3259,should
3260,should've
3261,shoulder
3262,shoulders
3263,shouldn't
3264,shout
3265,shouted
3266,shouting
3267,shouts
3268,show
3269,showed
3270,shower
3271,showered
3272,showing
3273,showroom
3274,shows
3275,shrines
3276,shuffle
3277,shut
3278,shutting
3279,shy
3280,siblings
3281,sick
3282,sickle
3283,sickness
3284,side
3285,sighed
3286,sight
3287,sights
3288,sign
3289,signal
3290,signed
3291,significant
3292,signing
3293,silence
3294,silent
3295,silk
3296,silly
3297,silver
3298,similar
3299,simple
3300,sin
3301,since
3302,sing
3303,singer
3304,singing
3305,single
3306,sir
3307,sister
3308,sisters
3309,sit
3310,site
3311,sitting
3312,situation
3313,six
3314,six-thirty
3315,sixteen
3316,sixty
3317,size
3318,skate
3319,ski
3320,skier
3321,skies
3322,skiing
3323,skill
3324,skin
3325,skinny
3326,skip
3327,skips
3328,skirt
3329,sky
3330,slacks
3331,slap
3332,slapped
3333,slave
3334,slaves
3335,sleep
3336,sleeping
3337,sleepy
3338,slept
3339,slightly
3340,slip
3341,slovenian
3342,slow
3343,slowly
3344,sly
3345,small
3346,smaller
3347,smallpox
3348,smart
3349,smarter
3350,smell
3351,smells
3352,smile
3353,smiled
3354,smiles
3355,smiling
3356,smith
3357,smoke
3358,smoker
3359,smoking
3360,smuggler
3361,snag
3362,snails
3363,snake
3364,snakes
3365,sneezing
3366,snow
3367,snowed
3368,snowman
3369,snows
3370,so
3371,soaking
3372,soap
3373,soapy
3374,sober
3375,soccer
3376,socialize
3377,socks
3378,sofa
3379,soft
3380,solar
3381,sold
3382,soldier
3383,soldiers
3384,solution
3385,solve
3386,solved
3387,solving
3388,some
3389,somebody
3390,someday
3391,someone
3392,someplace
3393,something
3394,sometimes
3395,somewhere
3396,son
3397,son's
3398,sonata
3399,song
3400,sons
3401,soon
3402,sooner
3403,sorrow
3404,sorry
3405,sort
3406,sound
3407,sounds
3408,soup
3409,sour
3410,source
3411,sources
3412,south
3413,southeastern
3414,souvenirs
3415,sow
3416,space
3417,spades
3418,spain
3419,spanish
3420,speak
3421,speaker
3422,speaking
3423,speaks
3424,spear
3425,special
3426,specialty
3427,species
3428,specific
3429,spectacular
3430,speech
3431,speed
3432,spend
3433,spenders
3434,spending
3435,spends
3436,spent
3437,spicy
3438,spite
3439,split
3440,spoiled
3441,spoke
3442,spoken
3443,spoon
3444,sport
3445,sports
3446,spot
3447,spots
3448,spring
3449,sprinklers
3450,spy
3451,squirrels
3452,squirt
3453,squirted
3454,sretensky
3455,stage
3456,stain
3457,stairs
3458,stamp
3459,stamps
3460,stand
3461,standards
3462,standing
3463,stare
3464,staring
3465,stars
3466,start
3467,started
3468,starts
3469,starve
3470,starved
3471,starving
3472,state
3473,states
3474,station
3475,stay
3476,stayed
3477,staying
3478,stays
3479,steal
3480,stealing
3481,step
3482,stepped
3483,stick
3484,sticks
3485,still
3486,sting
3487,stock
3488,stole
3489,stolen
3490,stomach
3491,stomachache
3492,stone
3493,stones
3494,stood
3495,stop
3496,stopped
3497,stopping
3498,stops
3499,store
3500,stores
3501,stories
3502,storm
3503,story
3504,straight
3505,strange
3506,stranger
3507,strangers
3508,strategy
3509,stratford-on-avon
3510,straw
3511,strawberry
3512,street
3513,strengths
3514,stress
3515,strict
3516,strike
3517,strong
3518,stronger
3519,strongly
3520,struck
3521,struggling
3522,student
3523,students
3524,studied
3525,studies
3526,study
3527,studying
3528,stuff
3529,stupid
3530,stupidest
3531,sturdy
3532,subject
3533,submerged
3534,subsaharan
3535,subtitled
3536,subway
3537,succeed
3538,succeeded
3539,success
3540,successful
3541,such
3542,sudden
3543,suddenly
3544,sue
3545,suffer
3546,suffered
3547,suffering
3548,sugar
3549,suggest
3550,suggested
3551,suggesting
3552,suit
3553,suitable
3554,suitcase
3555,suitcases
3556,suits
3557,summer
3558,sun
3559,sunday
3560,sundays
3561,sunglasses
3562,sunlight
3563,sunny
3564,sunrise
3565,sunscreen
3566,sunset
3567,sunshine
3568,superior
3569,supper
3570,support
3571,supportive
3572,suppose
3573,supposed
3574,suppress
3575,sure
3576,surely
3577,surfboard
3578,surpass
3579,surprise
3580,surprised
3581,surveillance
3582,survey
3583,survive
3584,survived
3585,sushi
3586,suspect
3587,suspected
3588,suspended
3589,suspicious
3590,swam
3591,swans
3592,swear
3593,sweat
3594,sweater
3595,sweden
3596,sweet
3597,sweets
3598,swept
3599,swim
3600,swimmer
3601,swimming
3602,swims
3603,swindled
3604,switch
3605,switched
3606,switzerland
3607,swollen
3608,sword
3609,symbolizes
3610,synchronize
3611,syrup
3612,system
3613,t-shirt
3614,table
3615,tackle
3616,take
3617,taken
3618,takes
3619,taking
3620,talented
3621,talents
3622,tales
3623,talk
3624,talkative
3625,talked
3626,talking
3627,talks
3628,tall
3629,taller
3630,tango
3631,tank
3632,target
3633,task
3634,taste
3635,tastes
3636,tatoeba
3637,tattoo
3638,tattoos
3639,taught
3640,tax
3641,taxi
3642,tea
3643,teach
3644,teacher
3645,teacher's
3646,teachers
3647,teachers'
3648,teaches
3649,teaching
3650,team
3651,teams
3652,tear
3653,tears
3654,teasing
3655,technique
3656,teenager
3657,teeth
3658,telephone
3659,telescope
3660,television
3661,tell
3662,telling
3663,tells
3664,temperature
3665,temple
3666,temples
3667,temporary
3668,ten
3669,ten-minute
3670,tennis
3671,tenth
3672,terms
3673,terrible
3674,terribly
3675,terrific
3676,terror
3677,test
3678,tests
3679,texans
3680,texas
3681,textbook
3682,textbooks
3683,thai
3684,thailand
3685,than
3686,thank
3687,thanked
3688,thanks
3689,that
3690,that'll
3691,that's
3692,the
3693,theater
3694,theft
3695,their
3696,theirs
3697,them
3698,themselves
3699,then
3700,theory
3701,there
3702,there's
3703,these
3704,they
3705,they'll
3706,they're
3707,they've
3708,thief
3709,thin
3710,thing
3711,things
3712,think
3713,thinking
3714,thinks
3715,thins
3716,thirsty
3717,thirtieth
3718,thirty
3719,this
3720,those
3721,though
3722,thought
3723,thoughts
3724,thousand
3725,threatening
3726,three
3727,three-bedroom
3728,threw
3729,throne
3730,through
3731,throw
3732,thrown
3733,thrust
3734,thunder
3735,thursday
3736,tick
3737,ticked
3738,ticket
3739,tickets
3740,ticking
3741,tie
3742,tied
3743,tiff
3744,tight
3745,till
3746,time
3747,time-consuming
3748,times
3749,timid
3750,tip
3751,tire
3752,tired
3753,tires
3754,to
3755,today
3756,today's
3757,toe
3758,together
3759,toilet
3760,tokyo
3761,told
3762,tolerant
3763,tolerate
3764,tom
3765,tom's
3766,tomatoes
3767,tomorrow
3768,tomorrow's
3769,tone
3770,tongue
3771,tonight
3772,tonight's
3773,too
3774,took
3775,toolkit
3776,tools
3777,tooth
3778,toothbrush
3779,toothpaste
3780,top
3781,tore
3782,tossed
3783,total
3784,touch
3785,touched
3786,tour
3787,tourist
3788,tourists
3789,toward
3790,towel
3791,town
3792,toy
3793,toyota
3794,toys
3795,trace
3796,tracks
3797,trade
3798,traditionally
3799,traffic
3800,train
3801,trains
3802,transfer
3803,translate
3804,translated
3805,translating
3806,translation
3807,translations
3808,translator
3809,trap
3810,travel
3811,traveled
3812,traveling
3813,treat
3814,treated
3815,treating
3816,treatment
3817,treatments
3818,treats
3819,treaty
3820,tree
3821,trees
3822,trembled
3823,tremendously
3824,trick
3825,tried
3826,tries
3827,trip
3828,tripled
3829,trips
3830,trouble
3831,troubling
3832,trousers
3833,trout
3834,truck
3835,true
3836,truer
3837,truly
3838,trunk
3839,trust
3840,trusted
3841,trusts
3842,truth
3843,try
3844,trying
3845,tuesday
3846,tufts
3847,tune
3848,turkey
3849,turkish
3850,turn
3851,turned
3852,turns
3853,tv
3854,tv's
3855,twain
3856,twelve
3857,twenties
3858,twenty
3859,twice
3860,two
3861,two-story
3862,type
3863,typhoon
3864,typical
3865,typist
3866,u
3867,ugliest
3868,ugly
3869,ukraine
3870,ultraviolet
3871,umbrella
3872,umbrella;
3873,unacceptable
3874,unavoidable
3875,unbelievable
3876,uncle
3877,unconscious
3878,under
3879,underestimate
3880,underlined
3881,understand
3882,understanding
3883,understands
3884,understood
3885,undressing
3886,unexpected
3887,unfolded
3888,unfortunately
3889,unhappy
3890,unharmed
3891,uniforms
3892,unique
3893,united
3894,universal
3895,universities
3896,university
3897,university's
3898,unknown
3899,unless
3900,unlucky
3901,unpleasant
3902,unread
3903,unreliable
3904,unsure
3905,until
3906,unusual
3907,up
3908,upon
3909,upped
3910,upper
3911,upside-down
3912,upstairs
3913,urgent
3914,us
3915,usa
3916,use
3917,used
3918,useful
3919,useless
3920,uses
3921,using
3922,usual
3923,usually
3924,vacation
3925,vaccinated
3926,valley
3927,valuable
3928,value
3929,various
3930,vase
3931,vegetables
3932,veggies
3933,vengeance
3934,venice
3935,verge
3936,verse
3937,verses
3938,very
3939,vibrating
3940,vicinity
3941,victim
3942,victory
3943,video
3944,videos
3945,vietnam
3946,vigilant
3947,villa
3948,village
3949,violence
3950,violent
3951,violin
3952,visa
3953,visit
3954,visited
3955,visiting
3956,visitors
3957,voice
3958,voices
3959,volleyball
3960,volume
3961,volunteer
3962,vote
3963,wait
3964,waited
3965,waiter
3966,waiting
3967,wake
3968,waking
3969,walk
3970,walked
3971,walking
3972,walks
3973,wall
3974,wallet
3975,wandered
3976,wanna
3977,want
3978,wanted
3979,wants
3980,war
3981,warcraft
3982,warm
3983,warmed
3984,warmer
3985,warming
3986,warn
3987,warned
3988,warning
3989,wars
3990,was
3991,wash
3992,washbasin
3993,washed
3994,washing
3995,washington
3996,wasn't
3997,waste
3998,wasting
3999,watch
4000,watched
4001,watches
4002,watching
4003,water
4004,watering
4005,watermelon
4006,watermelons
4007,waved
4008,waves
4009,way
4010,ways
4011,we
4012,we'd
4013,we'll
4014,we're
4015,we've
4016,weak
4017,weaknesses
4018,wealth
4019,weapons
4020,wear
4021,wearing
4022,wears
4023,weather
4024,web
4025,website
4026,websites
4027,wedding
4028,wednesday
4029,week
4030,weekend
4031,weeks
4032,weighing
4033,weighs
4034,weight
4035,weird
4036,welcome
4037,well
4038,well-known
4039,went
4040,wept
4041,were
4042,weren't
4043,west
4044,wet
4045,whales
4046,what
4047,what'll
4048,what're
4049,what's
4050,whatever
4051,whatever's
4052,wheat
4053,wheelchair
4054,when
4055,whenever
4056,where
4057,where're
4058,where's
4059,wherever
4060,whether
4061,which
4062,whichever
4063,while
4064,whiplash
4065,whipped
4066,whiskey
4067,whistled
4068,white
4069,whites
4070,who
4071,who're
4072,who's
4073,whoever
4074,whole
4075,whose
4076,why
4077,wi-fi
4078,widow
4079,widower
4080,width
4081,wife
4082,wild
4083,will
4084,willing
4085,win
4086,wind
4087,window
4088,windows
4089,windy
4090,wine
4091,wink
4092,winning
4093,winter
4094,winters
4095,wiped
4096,wisdom
4097,wish
4098,wished
4099,wit
4100,with
4101,withdraw
4102,within
4103,without
4104,witnessed
4105,woke
4106,wolf
4107,wolves
4108,woman
4109,women
4110,won
4111,won't
4112,wonder
4113,wondered
4114,wonderful
4115,wondering
4116,wood
4117,word
4118,words
4119,wore
4120,work
4121,workaholic
4122,workday
4123,worked
4124,worker
4125,workers
4126,working
4127,works
4128,worksite
4129,world
4130,world's
4131,worm
4132,worn
4133,worried
4134,worry
4135,worse
4136,worse:
4137,worship
4138,worst
4139,worth
4140,worthy
4141,would
4142,would've
4143,wouldn't
4144,wound
4145,wounded
4146,wraps
4147,wrist
4148,write
4149,writer
4150,writers
4151,writes
4152,writing
4153,written
4154,wrong
4155,wrote
4156,x-rays
4157,yawned
4158,yeah
4159,year
4160,years
4161,yell
4162,yelled
4163,yelling
4164,yellow
4165,yen
4166,yes
4167,yesterday
4168,yet
4169,yoga
4170,yolks
4171,york
4172,you
4173,you'd
4174,you'll
4175,you're
4176,you've
4177,young
4178,younger
4179,your
4180,yours
4181,yourself
4182,yourselves
4183,zambia
4184,zero
4185,zoo
4186,â‚¬100
4187,â‚¬30
