جدا,1
من,2
و,3
في,4
لا,5
على,6
غير,7
ولا,8
انصح,9
ممتازة,10
المنتج,11
السلعة,12
ممتاز,13
ان,14
جيد,15
رائع,16
مع,17
ما,18
منتج,19
بها,20
جيدة,21
الاستخدام,22
الجهاز,23
عن,24
ولكن,25
لم,26
هذا,27
به,28
مناسب,29
لكن,30
فى,31
السلعه,32
وانصح,33
انها,34
فيه,35
جيده,36
فقط,37
ممتازه,38
سيئة,39
حيث,40
جميل,41
بعد,42
سلعة,43
السعر,44
هذه,45
إيجابيات,46
سلبيات,47
بس,48
او,49
الله,50
اكثر,51
كان,52
تعمل,53
حتى,54
عملية,55
رائعه,56
البائع,57
شكرا,58
جهاز,59
أنصح,60
كما,61
سوق,62
انه,63
رائعة,64
مرة,65
اي,66
لو,67
بشرائها,68
الى,69
عند,70
تم,71
كل,72
الشحن,73
ولم,74
انا,75
التي,76
بشكل,77
جميله,78
سيئه,79
ليست,80
مش,81
يوجد,82
سعرها,83
ليس,84
علي,85
وسعرها,86
كنت,87
اول,88
جميلة,89
رديئة,90
قبل,91
الحجم,92
وغير,93
3,94
سلعه,95
وليس,96
اشتريت,97
جودة,98
عملي,99
منها,100
بسرعة,101
لها,102
فيها,103
عليها,104
مثل,105
يكون,106
يعمل,107
كوم,108
سيئ,109
الا,110
وسهلة,111
أو,112
هو,113
يمكن,114
أن,115
وقت,116
الشعر,117
رديئه,118
صغيرة,119
مره,120
وشكرا,121
الجميع,122
اللون,123
افضل,124
وسهل,125
ضعيفة,126
الجودة,127
سعره,128
واحد,129
منه,130
الشاحن,131
الصوت,132
وعملية,133
خفيف,134
الوزن,135
احد,136
سرعة,137
كبير,138
سهلة,139
هناك,140
أكثر,141
هي,142
صغير,143
بعض,144
الي,145
خامة,146
لانه,147
سئ,148
للغاية,149
بالنسبة,150
سهل,151
سعر,152
يتم,153
شكلها,154
لي,155
ومن,156
وهي,157
جميع,158
يوم,159
ضعيفه,160
مكان,161
عليه,162
خلال,163
والله,164
معه,165
المطلوب,166
ريال,167
شاحن,168
لكم,169
الماء,170
بدون,171
التوصيل,172
مبالغ,173
شحن,174
الشراء,175
الصورة,176
كانت,177
وهو,178
استخدام,179
4,180
السيارة,181
سيء,182
العمل,183
سريع,184
ابدا,185
يعني,186
نفس,187
قمت,188
اذا,189
للاسف,190
بسرعه,191
الاستعمال,192
ضعيف,193
إلى,194
بصراحه,195
البطارية,196
تكون,197
حجمها,198
شكل,199
شي,200
ذلك,201
نوعا,202
عالية,203
للاستخدام,204
وخفيفة,205
كويس,206
اللي,207
عدم,208
فهي,209
تستحق,210
100,211
كبيرة,212
تحتاج,213
والسعر,214
اثناء,215
الوقت,216
حالة,217
استخدامها,218
ساعات,219
جدآ,220
بشراء,221
وانا,222
ناحية,223
شراء,224
له,225
لانها,226
عمليه,227
اى,228
1,229
حسب,230
حجم,231
وجود,232
مناسبة,233
لما,234
الجوال,235
وتم,236
كثير,237
وعمليه,238
الوصف,239
منتجات,240
خفيفة,241
بسبب,242
اني,243
مما,244
غالي,245
التعامل,246
بل,247
وعملي,248
لكل,249
اتمنى,250
كثيرا,251
جديدة,252
بالتعامل,253
ال,254
سهولة,255
وصلة,256
وصلت,257
مو,258
حتي,259
ممكن,260
الهاتف,261
بالنسبه,262
5,263
مريحة,264
واضحة,265
عام,266
يقوم,267
أي,268
المفروض,269
تصلح,270
حد,271
اقل,272
جداا,273
الساعه,274
جيدا,275
تنظيف,276
نوعية,277
اخرى,278
عاليه,279
بي,280
وشكلها,281
الذي,282
تماما,283
فهو,284
الشاشة,285
التى,286
الساعة,287
خاص,288
لان,289
واحدة,290
العطر,291
خامات,292
مفيد,293
بعدم,294
الشكل,295
يجب,296
الجسم,297
العرض,298
شخص,299
للمواصفات,300
شيء,301
اشتريتها,302
ساعة,303
الموقع,304
الان,305
اليوم,306
فعلا,307
ع,308
خصوصا,309
الطلب,310
عنها,311
ده,312
بسعر,313
حلو,314
إذا,315
لمدة,316
مناسبه,317
اعجبتني,318
بنفس,319
خدوش,320
معها,321
الخامة,322
وسعره,323
مقارنة,324
نوع,325
للبائع,326
الموبايل,327
شرائها,328
تجربة,329
السماعات,330
أنها,331
عادي,332
المواصفات,333
الحقيبة,334
أفضل,335
ثم,336
خاصة,337
أنه,338
لمن,339
شاء,340
ف,341
وصلتني,342
والبائع,343
للمنتج,344
تصميم,345
بصراحة,346
لاكن,347
جودتها,348
انيق,349
ايضا,350
مكتوب,351
التشغيل,352
موقع,353
الكل,354
اعجبني,355
الملابس,356
المحلات,357
نهائيا,358
بائع,359
التصوير,360
الخاص,361
مفيدة,362
طقم,363
بحالة,364
المنزل,365
حلوة,366
ورائعة,367
الكاميرا,368
عندي,369
وهذا,370
2,371
امبير,372
كذلك,373
أبدا,374
حال,375
استخدامه,376
قد,377
حلوه,378
السماعه,379
لاتعمل,380
ارجو,381
عليكم,382
لك,383
بطارية,384
ضد,385
قوي,386
مرتفع,387
تشحن,388
اكبر,389
التغليف,390
وليست,391
بكل,392
وذات,393
صوت,394
بالشكل,395
ارخص,396
بشراءها,397
وجيدة,398
الظهر,399
رغم,400
قوية,401
حاجه,402
استخدمت,403
استخدمها,404
يستحق,405
اعتقد,406
وحجمها,407
توب,408
أخرى,409
البطاريه,410
ويوجد,411
الصنع,412
الاطفال,413
هل,414
بسيط,415
العلم,416
جوده,417
تستطيع,418
شكله,419
اريد,420
ولاكن,421
جنيه,422
كاميرا,423
استخدمته,424
للغايه,425
الحرارة,426
شحنه,427
المذكورة,428
المطبخ,429
وصلني,430
الجوده,431
وممتاز,432
فكرة,433
شهر,434
البلاستيك,435
وقد,436
عشر,437
التجربة,438
الأخرى,439
اللعبة,440
مقاس,441
زيت,442
وسهولة,443
سي,444
دي,445
وكذلك,446
المكان,447
تجربتها,448
رائحه,449
مطابق,450
كثيرة,451
وكان,452
إلا,453
وكما,454
قلم,455
السياره,456
الكفر,457
وسريع,458
طويلة,459
مقبول,460
طويل,461
الخدوش,462
صغيره,463
وفي,464
معقول,465
صناعه,466
يشحن,467
30,468
يصلح,469
10,470
واتمنى,471
اتضح,472
لهذه,473
عطر,474
جذاب,475
والشحن,476
الوان,477
وصغيرة,478
خفيفه,479
آخر,480
طريق,481
الكثير,482
السلع,483
العلبة,484
ومناسبة,485
كثيره,486
مقارنه,487
بهذا,488
المواد,489
المشكلة,490
اشتري,491
جدااا,492
روعه,493
العطور,494
8,495
سنوات,496
القلم,497
20,498
مطابقة,499
المبلغ,500
اصلي,501
تخفيض,502
شئ,503
غطاء,504
استلمتها,505
قوة,506
الشفط,507
واحده,508
طريقة,509
الباب,510
لسعره,511
عنه,512
بهذه,513
القماش,514
ضمان,515
فائدة,516
وتستحق,517
قطعة,518
التحكم,519
والتوصيل,520
للأسف,521
هى,522
داخل,523
فترة,524
عكس,525
احلى,526
يعجبني,527
بشرائه,528
عدد,529
وأنصح,530
صناعة,531
تناسب,532
يثبت,533
خامه,534
جيجا,535
قصير,536
ارسال,537
دقائق,538
لعبة,539
مستعملة,540
محترم,541
دقة,542
حملها,543
مميز,544
الكهرباء,545
الحمل,546
حيز,547
مشكلة,548
الهواء,549
ماركة,550
وبنفس,551
اسبوعين,552
تكن,553
يوفر,554
سماعات,555
وللاسف,556
سماعه,557
يظهر,558
مساحة,559
هذي,560
نصف,561
للشعر,562
الغطاء,563
المحدد,564
انواع,565
مشاكل,566
شكر,567
لـ,568
انت,569
عندما,570
للاستعمال,571
ثانيا,572
وجميلة,573
الام,574
الشاشه,575
نظرا,576
شعر,577
المزيد,578
وصولها,579
القطعة,580
المعروضة,581
سريعة,582
وسريعة,583
خير,584
مجرد,585
ماء,586
القطع,587
متوسط,588
وتعمل,589
فائده,590
وكمان,591
حاولت,592
ولكنها,593
السوق,594
اتوقع,595
لازم,596
ب,597
لى,598
الجلد,599
صراحة,600
العربية,601
اختيار,602
الطول,603
سم,604
متر,605
السماعة,606
ايام,607
سامسونج,608
اروع,609
أقل,610
كتيب,611
ومفيد,612
نظارة,613
الاخرى,614
وجميل,615
يكن,616
تمام,617
كده,618
يحتاج,619
استخدمتها,620
التنظيف,621
وخاصة,622
وضع,623
الواحد,624
التيار,625
ساعه,626
تقوم,627
رائحته,628
تجربتي,629
مطابقه,630
للسعر,631
حقيبة,632
بيه,633
لونها,634
يشتريها,635
الوانها,636
بالكهرباء,637
المقاس,638
وخامتها,639
ويمكن,640
انو,641
الماكينة,642
هنا,643
البيض,644
رخيص,645
وجذابة,646
مطلقا,647
ذات,648
اس,649
جديد,650
لايمكن,651
مواصفات,652
ولها,653
التركيب,654
ورائعه,655
16,656
الفستان,657
ومناسب,658
صيني,659
الأكواب,660
جربتها,661
سنة,662
واضح,663
الخامه,664
حجمه,665
بسهولة,666
والسلعة,667
الاعلان,668
توجد,669
مافيه,670
الامكانيات,671
الرائع,672
المتوقع,673
وكانت,674
الضغط,675
عليك,676
مثيلاتها,677
الصينية,678
الكسر,679
جودته,680
عمل,681
التجربه,682
انصحكم,683
لايوجد,684
وممتازة,685
جزيلا,686
سىء,687
اشكركم,688
المتوسط,689
ورحمة,690
وبركاته,691
الجديد,692
تلفت,693
والحجم,694
تدوم,695
نص,696
العالية,697
الشخصي,698
اشكر,699
ونتمنى,700
الافضل,701
رديء,702
أيضا,703
اثار,704
للاطفال,705
شغال,706
طول,707
باقتنائها,708
وكنت,709
الف,710
يستطيع,711
السكين,712
غزل,713
المستخدم,714
لكي,715
سلك,716
ذاكرة,717
الرام,718
عيوب,719
مادة,720
ربما,721
كلها,722
شاشة,723
بأس,724
وتساعد,725
البيت,726
الجيد,727
أنيق,728
وسعر,729
تقييم,730
تأخذ,731
العموم,732
اولا,733
وفيها,734
السلام,735
المكينة,736
المياه,737
لأنها,738
حرارة,739
يتوقف,740
بطيئة,741
السيارات,742
التسليم,743
الالوان,744
الالم,745
انما,746
للجميع,747
تقريبا,748
بالماء,749
نفسه,750
والجهاز,751
اجمل,752
تحياتي,753
للأطفال,754
ثابتة,755
لسه,756
يدوم,757
الاطلاق,758
لذا,759
الشنطة,760
شنطة,761
تدعم,762
احدى,763
وبها,764
دقيق,765
وبعد,766
الصغير,767
تطير,768
العروض,769
التوفيق,770
دائما,771
الاولى,772
استعمالها,773
الصناعه,774
موجودة,775
الجوالات,776
الحديثة,777
باستخدامه,778
سهله,779
ماكينة,780
يسخن,781
نفسها,782
جد,783
السفر,784
الاحمر,785
لون,786
باللون,787
لحفظ,788
الصوره,789
وسرعة,790
لصديق,791
نوعيه,792
طبيعي,793
بمعنى,794
بانها,795
واصلية,796
شنطه,797
تظهر,798
إن,799
مواصفاتها,800
تشتغل,801
الغير,802
تعامل,803
يشتغل,804
دقيقة,805
تفرغ,806
بالرغم,807
موبايل,808
المناسب,809
وذو,810
بة,811
ارجاعها,812
ميجا,813
صورة,814
عيب,815
هواء,816
يدعم,817
العيب,818
اليد,819
تشغيله,820
فقد,821
المصنوعة,822
لهذا,823
ثاني,824
سوقكوم,825
ماشاء,826
وذلك,827
جديده,828
والتغليف,829
بالاضافة,830
سيارة,831
وعلى,832
عدة,833
الكبيرة,834
قابله,835
ميني,836
بشدة,837
متوفر,838
استخدمه,839
الاساس,840
ردئ,841
الشخص,842
مستوى,843
خمس,844
قيمتها,845
عموما,846
وخامته,847
النظام,848
السبب,849
صادق,850
كمان,851
وجميله,852
الوانه,853
الوجه,854
توصيل,855
التعريف,856
ثابته,857
باستخدامها,858
سريعه,859
مساحه,860
تاخذ,861
بيضاء,862
قليل,863
وتغليف,864
كانون,865
نظام,866
الذين,867
وانيق,868
خلف,869
منافس,870
الإستخدام,871
وصلتنى,872
وعند,873
الحمدلله,874
والسلام,875
مغلفة,876
فاشل,877
أحد,878
أعطال,879
مميزة,880
جاءت,881
دليل,882
فلاش,883
وجودة,884
العاليه,885
وأيضا,886
مشكله,887
الصراحة,888
وأنا,889
تقليد,890
اهم,891
ذو,892
فخم,893
غالى,894
لضعف,895
واشكركم,896
وصول,897
يناسب,898
الناس,899
يتعدى,900
توفر,901
صوتها,902
طويله,903
اتصال,904
قطعتين,905
اصليه,906
العافية,907
منك,908
اسعار,909
معنى,910
اشكرك,911
طبعا,912
رأيي,913
دوت,914
تأخير,915
التخزين,916
زمن,917
واصلي,918
الأجهزة,919
220,920
وعليها,921
الكشاف,922
يصعب,923
وشكر,924
الممسحة,925
سماعة,926
وسهله,927
يعطيكم,928
لسعرها,929
بمقدار,930
المطلوبة,931
أول,932
بين,933
نجمة,934
بدأت,935
ومع,936
الاداء,937
ارى,938
يعطي,939
مشاهدة,940
فعال,941
يتجاوز,942
المناسبات,943
أجمل,944
وبسعر,945
الذى,946
تتناسب,947
المصنع,948
لفحص,949
تؤدي,950
بكفاءة,951
هديه,952
الطبيعي,953
مواد,954
الطرف,955
الثاني,956
بعيد,957
ومش,958
أصغر,959
طائرة,960
لتوفير,961
التصميم,962
القدم,963
لديهم,964
باستخدام,965
تركيبة,966
الدهان,967
ربع,968
حبر,969
الجدران,970
الداخلي,971
الايباد,972
القديم,973
الرش,974
لكان,975
لحجمها,976
الاندرويد,977
فهى,978
لفتره,979
قياسيه,980
مزعج,981
لحد,982
الحبر,983
احسن,984
منصحش,985
الاقتناء,986
الاسم,987
ثبات,988
الرائحة,989
وضعها,990
أثناء,991
العكس,992
البلوتوث,993
عبر,994
صراحه,995
دون,996
مستخدمها,997
الشركة,998
الغلاف,999
الكهربائي,1000
الروعه,1001
ولكنه,1002
وحلو,1003
العربيه,1004
كافة,1005
وجذاب,1006
تعتبر,1007
المدفوع,1008
ومريحة,1009
ثلاث,1010
وافضل,1011
تاني,1012
مفيده,1013
كلام,1014
جلد,1015
تركيبها,1016
ينفع,1017
خاصه,1018
اصبح,1019
هاتف,1020
كأنها,1021
تسبب,1022
معك,1023
الموتور,1024
ناعم,1025
مختلفه,1026
العب,1027
يا,1028
بإقتنائها,1029
رخيصة,1030
وكل,1031
الرغوة,1032
كمية,1033
قويه,1034
عالي,1035
شرائه,1036
استلام,1037
قلت,1038
قوته,1039
خطير,1040
اشتريته,1041
الصغيره,1042
صندوق,1043
وجودته,1044
تعد,1045
الارض,1046
ذكر,1047
تشغيل,1048
تعطلت,1049
صار,1050
بطلب,1051
استطع,1052
استلامها,1053
مبلغ,1054
الخاصة,1055
بوضوح,1056
القاعدة,1057
الداخل,1058
غنى,1059
كانه,1060
شاشه,1061
يؤدي,1062
الغرض,1063
مساج,1064
مريح,1065
بالشحن,1066
الشمع,1067
لعدم,1068
الوكيل,1069
لاب,1070
روعة,1071
ورائحته,1072
دا,1073
النتائج,1074
مرات,1075
بعدة,1076
البخاخ,1077
الفائدة,1078
كريم,1079
اساس,1080
وحده,1081
تسمح,1082
ناعمة,1083
ومتعددة,1084
لاأنصح,1085
عملى,1086
اصغر,1087
شوي,1088
الجيدة,1089
لجميع,1090
الكلمة,1091
جميعها,1092
وخصوصا,1093
لاى,1094
وصف,1095
ويمكنك,1096
صاحب,1097
الجراب,1098
وحشه,1099
للسلعه,1100
مختلفة,1101
تركب,1102
ايفون,1103
لن,1104
أصلية,1105
الكبير,1106
البطاريات,1107
صعوبة,1108
قمة,1109
غالية,1110
اجراء,1111
النت,1112
التعليمات,1113
الاغراض,1114
6,1115
بالشراء,1116
تشغيلها,1117
ثلاثة,1118
المرة,1119
الطفل,1120
وعن,1121
تستاهل,1122
كم,1123
ويعمل,1124
وجوده,1125
ضعف,1126
الموجود,1127
منكم,1128
يتميز,1129
الخشب,1130
بالسعر,1131
وان,1132
أتمنى,1133
افكر,1134
الشمس,1135
غاية,1136
الداخليه,1137
اخر,1138
تحديث,1139
وهى,1140
لذلك,1141
مافيش,1142
لديه,1143
حرام,1144
كهرباء,1145
إلي,1146
وصلات,1147
بالجهاز,1148
ياخذ,1149
كتير,1150
بحيث,1151
لفترة,1152
انكسر,1153
استعمال,1154
تغير,1155
بالغرض,1156
يعتبر,1157
اكتر,1158
الاستجابة,1159
الحقيقة,1160
بيخرب,1161
وتوصيل,1162
المناكير,1163
ولو,1164
بدل,1165
اطلاقا,1166
بطيء,1167
شغالين,1168
مميزه,1169
وجودتها,1170
أيام,1171
بسم,1172
يتسرب,1173
الصراحه,1174
بطئ,1175
ضروري,1176
نجوم,1177
الفلاش,1178
ولن,1179
لكنها,1180
يشغل,1181
اللاب,1182
النواحي,1183
فلوسي,1184
اما,1185
الأدوات,1186
الإطلاق,1187
اعلم,1188
بسهوله,1189
اعادة,1190
حاجة,1191
لاستخدام,1192
ايباد,1193
صناعتها,1194
نتائج,1195
تضع,1196
الخاتم,1197
الفرش,1198
حصلت,1199
قولت,1200
المستوى,1201
للون,1202
طلع,1203
العصائر,1204
لاتصلح,1205
العافيه,1206
حزام,1207
لايعمل,1208
قام,1209
7,1210
معي,1211
واشكر,1212
الجميله,1213
تعطيك,1214
جو,1215
لأنه,1216
وﻻ,1217
تعليقها,1218
يعطيك,1219
اشتغل,1220
وتناسب,1221
الذهبي,1222
وفعال,1223
داخلها,1224
يطلع,1225
اقدر,1226
مرغوب,1227
تتحمل,1228
وجودها,1229
الموبايلات,1230
الكمبيوتر,1231
الادوات,1232
وشكل,1233
حافظه,1234
وما,1235
الانترنت,1236
يفصل,1237
قيمة,1238
ثانيه,1239
والبطارية,1240
550,1241
للجهاز,1242
الاخر,1243
الطعام,1244
هم,1245
عالى,1246
باي,1247
يزيد,1248
تانية,1249
البضاعه,1250
عليا,1251
بلاستيك,1252
قليلة,1253
المعلن,1254
بنظام,1255
والجوده,1256
ودرجة,1257
وصغيره,1258
الرخيص,1259
للحلاقة,1260
الطلبية,1261
كبيره,1262
تقول,1263
لصقها,1264
الكاميرات,1265
البشر,1266
الخضار,1267
التقطيع,1268
بالسيارة,1269
الاشخاص,1270
القديمة,1271
النقل,1272
المباشر,1273
للنساء,1274
رقي,1275
الخدمه,1276
تعاملت,1277
انقطاع,1278
طاولة,1279
متعددة,1280
كاب,1281
تبين,1282
لايستحق,1283
الكريم,1284
فرصة,1285
للشراء,1286
مشهوره,1287
والرموش,1288
بيها,1289
للتنظيف,1290
وحجمه,1291
لحجم,1292
الأصلية,1293
والآن,1294
الكفاءة,1295
وأشتريت,1296
إيجابي,1297
جذابة,1298
الشي,1299
اصلى,1300
الاصلى,1301
الرحلات,1302
لصغر,1303
وامكانية,1304
مدة,1305
ميزه,1306
رااااائع,1307
الكتابة,1308
يوقف,1309
التساقط,1310
يطول,1311
يروح,1312
الوصول,1313
ك,1314
تخدش,1315
بعضها,1316
شوية,1317
موديل,1318
نسبة,1319
أسواق,1320
ومريح,1321
بالاستخدام,1322
الشباب,1323
الحركة,1324
اخذ,1325
وكأن,1326
الواي,1327
فاي,1328
ورميتها,1329
ومجرد,1330
خدش,1331
يختفي,1332
كانها,1333
عملها,1334
ومميز,1335
وقوية,1336
ومتينة,1337
ونوع,1338
شديد,1339
سلكها,1340
تنفع,1341
جيب,1342
ونفس,1343
النظارة,1344
والعدسات,1345
قدور,1346
تغيير,1347
الصابون,1348
ورائع,1349
رووووعه,1350
الكلمه,1351
استعماله,1352
١,1353
المميز,1354
خدمات,1355
للسلعة,1356
مخزنة,1357
النوع,1358
تتميز,1359
يد,1360
110,1361
العلبه,1362
للعرض,1363
تتوفر,1364
خربانه,1365
علما,1366
المصرية,1367
بالتالي,1368
استبدال,1369
نظافة,1370
متعة,1371
ذوق,1372
الصادق,1373
هواة,1374
مريحه,1375
بنفسك,1376
صاج,1377
والحمد,1378
عافيه,1379
بشحن,1380
فورا,1381
لاول,1382
بدلا,1383
اله,1384
السلك,1385
حوالي,1386
الاحتياجات,1387
مكوناته,1388
ناقصة,1389
يستاهل,1390
والظهر,1391
ماتم,1392
ظهرت,1393
تغطي,1394
لاانصح,1395
لاتستحق,1396
الماركة,1397
واقع,1398
بأن,1399
ونوعية,1400
المخدة,1401
العين,1402
متوسطة,1403
جدااااا,1404
أداء,1405
عجبتني,1406
أعجبتني,1407
الأفلام,1408
بالكمبيوتر,1409
والخامة,1410
بقتنائها,1411
لاي,1412
المتواصل,1413
العرق,1414
وأنيقة,1415
سأشتري,1416
وتجربتها,1417
راح,1418
خساره,1419
ووصلت,1420
قياسي,1421
الواقع,1422
وسعدت,1423
معكم,1424
التلف,1425
14,1426
قريبا,1427
مثله,1428
السيراميك,1429
المعدن,1430
االي,1431
اكون,1432
أولا,1433
كرتون,1434
احيانا,1435
اللمس,1436
ومصنوعة,1437
مقابل,1438
سعيد,1439
بأقتناء,1440
بقوه,1441
طيبه,1442
لنا,1443
وصل,1444
متزنة,1445
والمقاس,1446
لاسلكية,1447
العالم,1448
مصابيح,1449
أى,1450
الزبون,1451
المشتراه,1452
تجربته,1453
مرضية,1454
استخدم,1455
بالطريقة,1456
التشققات,1457
الناتج,1458
تلك,1459
للمنزل,1460
ينصح,1461
وطريقة,1462
شحنها,1463
رح,1464
دهان,1465
النتيجة,1466
مرتاح,1467
اقلام,1468
اغسل,1469
تنظف,1470
بعدين,1471
البلاستيكية,1472
الصغيرة,1473
لأن,1474
ضخ,1475
الزيت,1476
جهد,1477
مصر,1478
ولاتعمل,1479
الحقيقي,1480
بالسياره,1481
احدث,1482
مرارا,1483
وممتع,1484
تنفك,1485
تبدو,1486
الطويل,1487
اعلى,1488
شبه,1489
ودمتم,1490
يشتري,1491
ازرار,1492
خاصتا,1493
عربية,1494
متميزة,1495
تدور,1496
ممتعه,1497
رووووعة,1498
للعود,1499
الكلمات,1500
تبحث,1501
حولك,1502
بوضعها,1503
معا,1504
القيادة,1505
الأصل,1506
52,1507
القياس,1508
للشنطة,1509
50,1510
الأصوات,1511
بوجود,1512
ملفات,1513
للأجهزة,1514
سلكية,1515
مدخل,1516
مخرج,1517
اطلبها,1518
ادى,1519
معلن,1520
الحلاقه,1521
يريد,1522
تردد,1523
انى,1524
اسهل,1525
تؤثر,1526
الماكينه,1527
غامق,1528
معروفة,1529
متجر,1530
فحص,1531
موضوع,1532
السرير,1533
صعب,1534
درجة,1535
للتلف,1536
نوت,1537
بتشيل,1538
ومحافظ,1539
باللغة,1540
استعملت,1541
ثلاثه,1542
الآخر,1543
وحجم,1544
محدد,1545
يختلف,1546
بوصة,1547
وبيلم,1548
مدى,1549
قديمه,1550
ورديئه,1551
الخام,1552
تكتب,1553
بيانات,1554
غلط,1555
متناول,1556
وحشة,1557
ممتعة,1558
مسلية,1559
كافية,1560
عصري,1561
ام,1562
للوصف,1563
وتعتبر,1564
الملاحة,1565
وتستاهل,1566
تأثيرها,1567
قررت,1568
لاتسبب,1569
حساسية,1570
الممتازة,1571
الاصلي,1572
عيوبه,1573
تجربه,1574
لانصح,1575
ويخلص,1576
السرعة,1577
ذكي,1578
اندرويد,1579
كلمة,1580
وكانه,1581
للسوق,1582
الانواع,1583
سابقا,1584
مخالفه,1585
هوو,1586
استلمت,1587
الشحنة,1588
كامل,1589
اصلا,1590
والتنظيف,1591
المادة,1592
للوقت,1593
بصورة,1594
وغيرها,1595
والرائحة,1596
الغسيل,1597
بالفعل,1598
لتكون,1599
لهم,1600
مظبوط,1601
بالسوق,1602
قطاعه,1603
وخفيفه,1604
ديكور,1605
السلبية,1606
الحاجة,1607
المرور,1608
جزاك,1609
فين,1610
الحالي,1611
دقيقه,1612
السماعتين,1613
الدائرة,1614
حول,1615
أنيقة,1616
وصوتها,1617
باب,1618
رداءة,1619
بالمضخه,1620
بمجرد,1621
فلو,1622
بالوصف,1623
ماكان,1624
خدمة,1625
الزبائن,1626
عرض,1627
التخسيس,1628
مقبوله,1629
فأنا,1630
الطرق,1631
صلة,1632
للتصوير,1633
ولمس,1634
الخارجية,1635
خلل,1636
الابيض,1637
اسابيع,1638
العدد,1639
لونه,1640
حبات,1641
وتحفظ,1642
تتقطع,1643
شدة,1644
النص,1645
الأول,1646
تدخل,1647
وكبيره,1648
فرق,1649
بال,1650
جداااا,1651
بامكاني,1652
فعاليتها,1653
للبطاقات,1654
للناس,1655
ماهو,1656
إستخدامها,1657
عادية,1658
مركز,1659
خامته,1660
والبلاستيك,1661
المصنوع,1662
اشعر,1663
ونعم,1664
المتوقعة,1665
يعيبها,1666
سوا,1667
قاعدة,1668
تثبيت,1669
الشخصيه,1670
ترابيزة,1671
موجود,1672
ويسبب,1673
كي,1674
يوضح,1675
منديل,1676
عباره,1677
معجب,1678
الاسترخاء,1679
اخي,1680
فايده,1681
وصعب,1682
القراءة,1683
ويعطيك,1684
الخرطوم,1685
طرق,1686
الاماكن,1687
يستخدم,1688
عديم,1689
سريعا,1690
نوعيتها,1691
أساس,1692
مصنعه,1693
مفتوحة,1694
بسوق,1695
وبالفعل,1696
شركة,1697
والتي,1698
عطل,1699
لكونها,1700
اتوقعت,1701
قطاعة,1702
التصنيع,1703
تمزق,1704
الشد,1705
استخدامة,1706
وانيقة,1707
وفترة,1708
لثلاث,1709
تقطعت,1710
يكفي,1711
ترتيب,1712
بشده,1713
زي,1714
ويعتبر,1715
منفاخ,1716
ورخيص,1717
الاجهزة,1718
يمكنني,1719
كذالك,1720
الجوانب,1721
أصفر,1722
بالمره,1723
الأن,1724
تنفذ,1725
مافي,1726
رأي,1727
وسيئة,1728
عارف,1729
ايش,1730
الخروج,1731
العادي,1732
افراد,1733
يقيس,1734
درجه,1735
الشركه,1736
السيئة,1737
غيرها,1738
شيئ,1739
للبطاريات,1740
الروعة,1741
سوف,1742
تسهل,1743
الرأس,1744
اندم,1745
قليلا,1746
وضعه,1747
العدسة,1748
جنية,1749
ليه,1750
تفاصيل,1751
اللبس,1752
وأكثر,1753
لتطويل,1754
وعندما,1755
شريحه,1756
يتوفر,1757
الخارجي,1758
فتح,1759
واللون,1760
الحقيبه,1761
مستقبلا,1762
ذكرها,1763
هدايا,1764
جداو,1765
المشتري,1766
بأنها,1767
ممتع,1768
المعروض,1769
المشتريات,1770
سواء,1771
السخونة,1772
بسعرها,1773
ترتقي,1774
بشد,1775
مكسورة,1776
الرجالية,1777
مفاتيح,1778
امكانية,1779
وتقوم,1780
ترهلات,1781
صعبة,1782
البيع,1783
فية,1784
ومصنوع,1785
تطويرها,1786
لتصبح,1787
دخول,1788
فهذه,1789
الرائعة,1790
زيادة,1791
الثانية,1792
اشهر,1793
الركبه,1794
الاحتفاظ,1795
البرامج,1796
لاترتقي,1797
ارجع,1798
واعتقد,1799
اثر,1800
أطفال,1801
الأفضل,1802
يقدر,1803
يدخل,1804
اجد,1805
والذاكرة,1806
الداخلية,1807
بتخزين,1808
فلوس,1809
إستعمال,1810
عندك,1811
يو,1812
فئة,1813
بخدمة,1814
مباشرة,1815
الخدمة,1816
راائع,1817
العلوي,1818
الاعلى,1819
وملفت,1820
بالذهب,1821
اسوء,1822
وايد,1823
مب,1824
تكاد,1825
مرن,1826
البظاعه,1827
كيس,1828
الرديئة,1829
يصنع,1830
المال,1831
قديمة,1832
ميزان,1833
فنيه,1834
كويسة,1835
معدن,1836
ثمنها,1837
15,1838
للصوره,1839
سوى,1840
ونصف,1841
لقد,1842
تقطيع,1843
رايي,1844
اطار,1845
ينظف,1846
الخارج,1847
الاقل,1848
شنط,1849
مرتين,1850
تنظيم,1851
اثنين,1852
استفيد,1853
ناقصه,1854
٤,1855
مجرب,1856
وسريعه,1857
تسرب,1858
الحمايه,1859
متابعة,1860
يهتم,1861
فقمت,1862
بشراؤه,1863
شيئا,1864
يفضل,1865
بالمواصفات,1866
لوجود,1867
ايقاف,1868
سير,1869
يعلق,1870
تمت,1871
يوفقك,1872
يتحمل,1873
الثمن,1874
اختراع,1875
الألوان,1876
الإعلان,1877
طويلا,1878
تشعر,1879
صديق,1880
منافذ,1881
قيمته,1882
ادا,1883
لديكم,1884
لسوء,1885
بتشغيل,1886
اليوتيوب,1887
برنامج,1888
راائعه,1889
بداية,1890
إيقاف,1891
الماوس,1892
سن,1893
وميزته,1894
تفيد,1895
الكيبل,1896
تبارك,1897
وجديدة,1898
للغرض,1899
اجله,1900
فعاله,1901
شراءها,1902
طبيعية,1903
الاشياء,1904
تخسيس,1905
رهيبة,1906
اجهزة,1907
تركيا,1908
الزراعة,1909
منذ,1910
يملك,1911
لسهولة,1912
الرداءة,1913
الشيء,1914
أني,1915
البضاعة,1916
استطيع,1917
والشكل,1918
الريموت,1919
اللى,1920
علبه,1921
لابأس,1922
لتحضير,1923
القرص,1924
وسعته,1925
للي,1926
بالوقت,1927
مواقع,1928
ولما,1929
اللتي,1930
المصنعة,1931
علينا,1932
دقايق,1933
يعنى,1934
حين,1935
أداة,1936
12,1937
جسم,1938
مشدود,1939
لصاحب,1940
اساسا,1941
يصل,1942
400,1943
بسلاسه,1944
هكذا,1945
ذكية,1946
والصورة,1947
بضغط,1948
لاتأخذ,1949
فاشلة,1950
وتصلح,1951
يشبه,1952
لكنه,1953
براون,1954
المكيف,1955
تبريد,1956
إطلاقا,1957
اعرف,1958
بلاك,1959
لايصلح,1960
بنات,1961
استعملتها,1962
وإن,1963
الفلتر,1964
٤٥٠,1965
يغطي,1966
لــ,1967
وجذابه,1968
المصنعه,1969
يحسب,1970
الأوراق,1971
عشرة,1972
فجأة,1973
طلبت,1974
عملة,1975
هدية,1976
تانى,1977
ثقيله,1978
تتحرك,1979
تلف,1980
وزنها,1981
وسعرة,1982
لشراء,1983
لأنو,1984
ياليت,1985
اير,1986
يرجى,1987
استرجاعه,1988
ونتائجه,1989
والجودة,1990
ولاانصح,1991
صعبه,1992
رديئ,1993
قصيره,1994
العاديه,1995
السعودية,1996
فبه,1997
يخسر,1998
المذهله,1999
خالص,2000
عدمه,2001
قطع,2002
والمقاييس,2003
والتى,2004
عيار,2005
18,2006
بطاريات,2007
الاسطح,2008
وصلها,2009
صدأ,2010
مفتاح,2011
البشرة,2012
يبارك,2013
بالبطاريات,2014
وتوصل,2015
الفكرة,2016
طيب,2017
الكبار,2018
بورد,2019
مختلف,2020
قوى,2021
وتثبيت,2022
جربته,2023
المميزات,2024
سليمة,2025
ولي,2026
المقبض,2027
ضرورة,2028
تصل,2029
ل,2030
الذاكرة,2031
بايت,2032
الشريحة,2033
بلا,2034
الشبكة,2035
يظهرك,2036
انحرق,2037
استوى,2038
نفع,2039
شريتها,2040
الموجودة,2041
تساعد,2042
منظم,2043
مجموعة,2044
بخاخ,2045
الليمون,2046
مثيل,2047
الالمنيوم,2048
شبكة,2049
السعله,2050
القاعده,2051
مجهود,2052
أدوات,2053
الحلاقة,2054
استخدامات,2055
بطاريه,2056
مميزات,2057
السريع,2058
وحفظ,2059
المظهر,2060
شديدة,2061
آلة,2062
اتمنا,2063
للمال,2064
وفعالة,2065
الموبيل,2066
طوال,2067
بحكم,2068
الاب,2069
سداسية,2070
اربعه,2071
انة,2072
تركيب,2073
الرد,2074
لمبة,2075
كانك,2076
وعبارة,2077
الخفيفة,2078
ولذلك,2079
بأي,2080
فوق,2081
يومين,2082
وبعدها,2083
قطعه,2084
السعلة,2085
وفيه,2086
شغاله,2087
بطريقة,2088
بالمنتج,2089
لبسها,2090
وارجو,2091
اقصى,2092
الصور,2093
كمنتج,2094
كليا,2095
كامله,2096
بطء,2097
ينزل,2098
تفاجأت,2099
الحقيقه,2100
مايستاهل,2101
جداجدا,2102
الرجل,2103
اكيد,2104
ماعدا,2105
شرح,2106
دة,2107
روتر,2108
خط,2109
الخفيف,2110
وبسيطة,2111
كدا,2112
وع,2113
غنيه,2114
حقيقة,2115
رخيصه,2116
بولس,2117
تقييمي,2118
عمر,2119
الاطاله,2120
بشتري,2121
المجمل,2122
رجعت,2123
اللصقة,2124
الفك,2125
بالمرة,2126
آى,2127
فصل,2128
أنك,2129
ملعقة,2130
فواحه,2131
عندها,2132
ينقص,2133
الوحيد,2134
صحيح,2135
وش,2136
الخليج,2137
واتمني,2138
النوعية,2139
قريب,2140
وقوي,2141
بمكان,2142
زينه,2143
لموبايلات,2144
أعلى,2145
قدها,2146
توقعتها,2147
جوال,2148
عمرها,2149
وصولة,2150
منخفض,2151
وجميع,2152
الذهاب,2153
الحواجب,2154
الاحذيه,2155
الاصلية,2156
توصيله,2157
الخاصه,2158
للتحكم,2159
الذهب,2160
مخصص,2161
الالة,2162
مجال,2163
معروفه,2164
وفى,2165
البيانات,2166
الم,2167
لاكثر,2168
اسبوع,2169
قدر,2170
الفلاشة,2171
رديه,2172
الوضوح,2173
علشان,2174
التنقل,2175
الفرق,2176
طلب,2177
يعانون,2178
ارامكس,2179
لاقيتها,2180
اسفل,2181
جهازين,2182
الورش,2183
اليو,2184
تكرار,2185
قابلة,2186
المضيئة,2187
تحفة,2188
تواليت,2189
رائحة,2190
سلبية,2191
التجاوب,2192
التعقيم,2193
وتلخذ,2194
٦,2195
رضاعات,2196
وبحجم,2197
٢٠٠,2198
مل,2199
وتعقم,2200
ومبالغ,2201
المناديل,2202
لاتقوم,2203
بفائدتها,2204
تترك,2205
بقعة,2206
ورائحتها,2207
وبي,2208
يضرك,2209
اسعر,2210
٣٠٠,2211
للمعلوميه,2212
منظر,2213
الحائط,2214
المواعيد,2215
810,2216
ميجابيكسل,2217
محترفى,2218
الفوتوجرافى,2219
وهواه,2220
الاحترافيه,2221
وسعرى,2222
مغرى,2223
وفرصه,2224
تعوض,2225
متحرك,2226
مقاسات,2227
خضار,2228
يساعد,2229
الوقود,2230
لمساعدة,2231
الاخرين,2232
اعتبر,2233
لبعض,2234
يودون,2235
تحويل,2236
الاشرطة,2237
نيو,2238
واتش,2239
5005,2240
وللونه,2241
وتوجد,2242
ومصداقيه,2243
والسلاسل,2244
وسليمه,2245
اسرع,2246
ويشكر,2247
اهتمامه,2248
ووصلتني,2249
وتفيد,2250
وتستطيع,2251
تستخدمعا,2252
خار,2253
ومنظرها,2254
ارتفاعات,2255
كرت,2256
التقاط,2257
فيديو,2258
قنوات,2259
أربعة,2260
مداخل,2261
ايزي,2262
مقياس,2263
والصلاة,2264
رسول,2265
بعناية,2266
بشراءة,2267
لمعرفة,2268
عصرية,2269
الهدايا,2270
الاخ,2271
ستكون,2272
للكاميرا,2273
ودقة,2274
كيو,2275
ولقد,2276
اطلعت,2277
الانتر,2278
نت,2279
ومواصفاتها,2280
ووزنها,2281
رااااااااااائعه,2282
جمييييل,2283
الماسكارا,2284
والفرشه,2285
وقلم,2286
الكحل,2287
الشاااااادو,2288
بامان,2289
واضفاء,2290
عطره,2291
للسياره,2292
تعصر,2293
النواشف,2294
البن,2295
والهيل,2296
والمكسرات,2297
مايجعل,2298
تعبنا,2299
التقليدية,2300
تجارب,2301
سواءا,2302
بإنسكابها,2303
كسرها,2304
كونتيقو,2305
غييير,2306
لأسرتي,2307
رأيهم,2308
ومتوفرة,2309
بأشكال,2310
وألوان,2311
نبغاه,2312
والتقفيل,2313
حمله,2314
تخزينه,2315
أراها,2316
١٥٠,2317
ذكرت,2318
وانسيابي,2319
ارجوا,2320
يصمد,2321
يصاب,2322
بعطل,2323
فظيييع,2324
ينعم,2325
يقوي,2326
واحلا,2327
ريحة,2328
الغسل,2329
الزيوت,2330
تقعد,2331
مجهودكم,2332
قمتم,2333
تقومون,2334
براحه,2335
وامان,2336
تتمزق,2337
البالغين,2338
شكراا,2339
النظاره,2340
ماهياش,2341
قادرة,2342
قشرة,2343
البطيخة,2344
هتتخلع,2345
لمجرد,2346
لانجري,2347
030,2348
أحمر,2349
للكمية,2350
رأيت,2351
التجهيزات,2352
الصوتية,2353
1150,2354
سعودي,2355
باقي,2356
المصاريف,2357
الشركات,2358
ولايتقطع,2359
لجلد,2360
وخاصه,2361
المتوقفه,2362
بالشمس,2363
فترات,2364
للحمايه,2365
التشقق,2366
يخدش,2367
ويضعف,2368
يحمي,2369
أشتريت,2370
ولزوجتي,2371
فكرته,2372
ويخدم,2373
غرضه,2374
اختبارة,2375
اختباره,2376
والسماعه,2377
والكاتالوج,2378
متوافق,2379
المقسم,2380
جداوتلتصق,2381
بالاطعمه,2382
الاظافر,2383
وصفه,2384
مكسور,2385
يتاكد,2386
بيعها,2387
تختصر,2388
ملفت,2389
للضيو,2390
فك,2391
ابهرت,2392
بعا,2393
زةاري,2394
والمثي,2395
سأل,2396
اين,2397
اشتريتهاشكرا,2398
للجسم,2399
والكبير,2400
المطاط,2401
شركه,2402
للجمس,2403
اسكويا,2404
لاخر,2405
توصل,2406
بضاعه,2407
طيبة,2408
يعطية,2409
وناطرين,2410
الحركات,2411
شغلات,2412
ماتكون,2413
بالبال,2414
انتباهك,2415
الكمية,2416
وبقيمة,2417
80,2418
كوركماز,2419
استرا,2420
تريو,2421
قطع1803,2422
ومفيدة,2423
والبطاريه,2424
وصغير,2425
وتتش,2426
مصداقيتك,2427
وتحتاج,2428
وتكلف,2429
تكلفتها,2430
الحالية,2431
الأفريقي,2432
لاتزيل,2433
ماتوصف,2434
خص,2435
خوف,2436
قلق,2437
للمكينه,2438
فرشه,2439
ومشط,2440
الغليف,2441
متظرره,2442
ومطعجة,2443
لمواصفاته,2444
مغالي,2445
ريحتها,2446
الكالونيا,2447
الاول,2448
والاخير,2449
ماتقدمه,2450
بالوان,2451
متعدده,2452
وباشكال,2453
ومتنوعه,2454
ومتين,2455
وقته,2456
يحصل,2457
بجودت,2458
منذو,2459
العالمي,2460
ومنسق,2461
السوني,2462
بلاستيشن,2463
كهرب,2464
تباع,2465
بعشرين,2466
جنيها,2467
مفتوحه,2468
مغلفه,2469
مستخدمه,2470
موضوعه,2471
اعطي,2472
اضعاف,2473
مايستحق,2474
ارشادات,2475
لضبط,2476
لايقبل,2477
الشجن,2478
بائعين,2479
اواجه,2480
أقصر,2481
الرولات,2482
المباعة,2483
الأسواق,2484
عمليا,2485
بمنتج,2486
فالحجم,2487
يتناسب,2488
رولات,2489
بالأسواق,2490
بحذاقيره,2491
مغامرة,2492
رسمة,2493
الرسمات,2494
الناعمة,2495
النقى,2496
نابوليتانو,2497
اصنع,2498
قهوتك,2499
تحمير,2500
السنمبوسة,2501
ابحث,2502
فوجدتها,2503
سرعه,2504
بنسبة,2505
وإذا,2506
خلاله,2507
وأنت,2508
تتحدث,2509
فلا,2510
وتنفد,2511
طاقته,2512
بسن,2513
يسن,2514
تاكلت,2515
المسن,2516
بطيئه,2517
البنات,2518
النات,2519
صح,2520
للغايةوبالتالي,2521
تستغرق,2522
يزداد,2523
تلبي,2524
ارسلوا,2525
واصل,2526
والحاسب,2527
لمدرسة,2528
لبيت,2529
يطع,2530
صور,2531
وانارته,2532
يريح,2533
العضلات,2534
بشهر,2535
تتشقق,2536
تفرز,2537
لزجه,2538
واثرت,2539
سلبا,2540
غلق,2541
وفتح,2542
المحفظه,2543
لاحضت,2544
الماده,2545
باكملها,2546
بتاتا,2547
ببسيط,2548
ولاكنها,2549
ايونجمه,2550
بمثابة,2551
التاج,2552
والعلامة,2553
البارزة,2554
العريقة,2555
شانيل,2556
ماتعننيه,2557
رولي,2558
مثير,2559
عجيب,2560
للخامات,2561
والقطعة,2562
السوداء,2563
شراب,2564
الكولاجين,2565
الامريكي,2566
تابلت,2567
بامكانيات,2568
االان,2569
نتيجه,2570
ويطول,2571
حل,2572
4640,2573
ينقصها,2574
الاضافات,2575
الممكنه,2576
والبسيطه,2577
فعلي,2578
أستخدمها,2579
متازة,2580
لفورد,2581
تورس,2582
2013,2583
2015,2584
للصلع,2585
وتساقط,2586
الخسائر,2587
خسرتها,2588
الفترة,2589
نقودي,2590
حديقة,2591
تؤخر,2592
لغلاء,2593
الفاحش,2594
النهاية,2595
فوريفر,2596
لفنج,2597
فكلها,2598
طبيعيه,2599
ومزيل,2600
الوى,2601
افرشيلد,2602
منعشه,2603
ولايترك,2604
ويزيل,2605
الروائل,2606
الكريهه,2607
لفترات,2608
للإستخدام,2609
اليومي,2610
ولجميع,2611
داعي,2612
للصالونات,2613
ومحفوظة,2614
ومرفق,2615
الملحقات,2616
ست,2617
والموظفة,2618
والعاملة,2619
الطهى,2620
بلمعة,2621
لأهديها,2622
لأقاربييييييييييييييييييي,2623
صديقاتييييييييي,2624
موفقين,2625
يمكنم,2626
التقيم,2627
وجربوها,2628
تندمون,2629
مال,2630
ب110وذحين,2631
زاد,2632
السعربس,2633
تضل,2634
حلووووووووووووو,2635
المستقبل,2636
تشخيص,2637
الاعطال,2638
خرطوم,2639
المتمدد,2640
المرن,2641
والتمزق,2642
تأخر,2643
رائع100,2644
يأتى,2645
التابلت,2646
ستشتريه,2647
طبقة,2648
رااائعة,2649
مصدي,2650
رجعتها,2651
ظالم,2652
مفكوك,2653
بتغليف,2654
والكمبيوتر,2655
بـإصلاح,2656
انخفاض,2657
البساتم,2658
خفض,2659
عزم,2660
التتش,2661
وأحيانا,2662
بتكرار,2663
ومرات,2664
إغلاق,2665
فتحه,2666
شرياه,2667
لامي,2668
تحكي,2669
للعلاج,2670
ولآلام,2671
والرجل,2672
غلي,2673
الأنطلاق,2674
للدوام,2675
يسع,2676
وصعوبة,2677
ونوعيه,2678
التقدم,2679
والزياده,2680
فموقعكم,2681
وفر,2682
فجزاكم,2683
إرتفعت,2684
الأسلاك,2685
محرك,2686
بالإطار,2687
فصلتة,2688
الإطار,2689
تتفكك,2690
يفحص,2691
يوكون,2692
2006,2693
اجهزه,2694
تفحص,2695
وبتلزق,2696
هيلكوبتر,2697
أمامية,2698
رؤية,2699
لستكرات,2700
والتسليم,2701
البسيط,2702
يحترم,2703
ويتأخر,2704
بالسكر,2705
تعاني,2706
لتخفيف,2707
الصحيحة,2708
ويضا,2709
تشققات,2710
يعالج,2711
يخفف,2712
السير,2713
المنزلي,2714
مغري,2715
لاصدقائي,2716
تنسو,2717
امانة,2718
وأفضل,2719
الدفع,2720
صانعة,2721
الاومليت,2722
السحرية,2723
تكنولوجيا,2724
الطهي,2725
الافقي,2726
بقتنائه,2727
واستخدامها,2728
وتصويره,2729
تخفيفة,2730
نوعه,2731
سميك,2732
يتعب,2733
ينحشر,2734
الصمام,2735
ماممكن,2736
تدهن,2737
وجه,2738
ايميلشن,2739
سيلك,2740
فينيش,2741
لتر,2742
لترو,2743
الماتور,2744
الاحيان,2745
اعمل,2746
وجهين,2747
البيضا,2748
املائها,2749
صابون,2750
اشبكها,2751
عالجهاز,2752
شغله,2753
رش,2754
الصمامام,2755
غسيل,2756
والصابون,2757
احذركم,2758
هاذه,2759
اومن,2760
لی,2761
المبخره,2762
لفك,2763
البراغي,2764
والمتوسطة,2765
نااااار,2766
مستاء,2767
ولأول,2768
أحس,2769
بسخونة,2770
بتركيب,2771
جزابه,2772
وتحكم,2773
يساعدك,2774
التكم,2775
وصحية,2776
لاتستخدم,2777
الفشار,2778
منزلي,2779
فولت,2780
الكهربا,2781
ء,2782
هاذي,2783
لأنة,2784
دمية,2785
١٠,2786
باستعمال,2787
لازاله,2788
ملاحظات,2789
وللحين,2790
ماشفت,2791
ومتطور,2792
كيت,2793
كات,2794
بالمميزات,2795
وتكرارا,2796
لاتطبع,2797
الروسومات,2798
يؤسفنى,2799
تقييمها,2800
لاتؤدى,2801
وظيفتها,2802
البتة,2803
تخاطر,2804
المكنسة,2805
تحمي,2806
الجنوط,2807
وتحميها,2808
تلصقبها,2809
وتزيد,2810
لمعانها,2811
وتظهرها,2812
لحسن,2813
عملائكم,2814
ابوتركي,2815
مجنون,2816
وزنا,2817
المثبتات,2818
الجانبية,2819
ثابيتة,2820
سعرو,2821
الـ35,2822
يجفف,2823
الشعرويلفه,2824
تعيدين,2825
بالاستشوار,2826
ينفش,2827
راااااااااائعة,2828
للسيارة,2829
كونها,2830
تكوه,2831
المخده,2832
وبتشتغل,2833
بالبطارية,2834
للنضال,2835
والي,2836
الأمام,2837
مضخة,2838
راضي,2839
البرينتر,2840
الخط,2841
وكسعرها,2842
كويسين,2843
اويييبس,2844
يخلص,2845
غيره,2846
غااالي,2847
قدامي,2848
الاختيار,2849
ليزر,2850
بيخلص,2851
السلفي,2852
ستيك,2853
الخرجات,2854
وشكران,2855
وجبار,2856
اندريد,2857
فهاذا,2858
جبار,2859
وفائق,2860
تقشير,2861
خلايا,2862
الميتة,2863
واوصي,2864
عادل,2865
كلماتي,2866
سحر,2867
مستي,2868
وود,2869
فعطور,2870
كلتا,2871
الأذنين,2872
تنسى,2873
أنا,2874
عاجباني,2875
سفر,2876
للاب,2877
الأفقي,2878
الرأسي,2879
ارتفاع,2880
الأرض,2881
لجامعة,2882
م,2883
سررت,2884
مشغل,2885
متكامل,2886
راديو,2887
ومشغل,2888
كسماعة,2889
وكسماعة,2890
وله,2891
لتوصيله,2892
لأنظمة,2893
زعلت,2894
صالحة,2895
بحاله,2896
اتصور,2897
بمثل,2898
القوه,2899
والتخفيف,2900
الحين,2901
وسيلها,2902
جالكسي,2903
9105,2904
اس2,2905
بلس,2906
جيجابايت,2907
أندرويد,2908
كحلي,2909
عرفتها,2910
الاخوة,2911
للتاكد,2912
المسافة,2913
المحجر,2914
يسمى,2915
نوم,2916
ولعب,2917
بأمان,2918
الرضع,2919
الخارجيغير,2920
متماسگ,2921
انگ,2922
تسنيده,2923
ولايستاهل,2924
القيمة,2925
مثيلاته,2926
عرضة,2927
شحنت,2928
جلكسي,2929
لمينتهي,2930
وفضيت,2931
هذيك,2932
أيدي,2933
صارت,2934
وسرييعة,2935
بأستخدامها,2936
الطقم,2937
غايه,2938
والسلعه,2939
موافقه,2940
والسرعه,2941
بداخل,2942
تعليمات,2943
خمسه,2944
بهم,2945
زنه,2946
يسمعني,2947
صابونه,2948
يشكر,2949
التعاون,2950
بلد,2951
باس,2952
المربعه,2953
الارتفاع,2954
المربعة,2955
١٩,2956
كركيب,2957
راوتر,2958
موسع,2959
وتحل,2960
اليدين,2961
الازرق,2962
لايلامس,2963
يحل,2964
ويعلم,2965
احجامها,2966
متنوعه,2967
أما,2968
المحفضه,2969
وصناعته,2970
عشان,2971
متشتريش,2972
وحجمة,2973
ساعةرائعة,2974
ومكملتش,2975
شراؤه,2976
لسن,2977
روووووعه,2978
رووووووعة,2979
ولتعاونكم,2980
وبهذا,2981
المعقول,2982
والمناسب,2983
ولارسالكم,2984
للعينين,2985
الثلاث,2986
عدادات,2987
الامامية,2988
ممتازةالسلعة,2989
بشاشات,2990
جربت,2991
وهذه,2992
افضلهم,2993
وغالي,2994
لاخي,2995
اجربها,2996
بنفسي,2997
وحسب,2998
قوله,2999
ولابأس,3000
اكن,3001
الدرجه,3002
عجلات,3003
للدرج,3004
اريح,3005
طريقكم,3006
وكلها,3007
الاطباء,3008
استعمل,3009
خدوم,3010
يبغى,3011
ذافائده,3012
واتضحت,3013
وتقطع,3014
مفاصل,3015
الصمامات,3016
الترميم,3017
محلات,3018
للخراطيم,3019
ذا,3020
شركته,3021
لابني,3022
وانصدمت,3023
تستجيب,3024
بسررعة,3025
تقيمى,3026
المتواضع,3027
والنور,3028
بتحب,3029
هامك,3030
اشتريه,3031
بتلعب,3032
جيمز,3033
بلاش,3034
اللاصقة,3035
نيكسس,3036
ونظام,3037
حديث,3038
مقتنيات,3039
لولا,3040
سكاي,3041
وورث,3042
صدقت,3043
وملائمه,3044
لغرفه,3045
34,3046
كبرها,3047
رهيب,3048
خيالي,3049
مسروقة,3050
ووسعرها,3051
ناسبت,3052
عيونى,3053
حساسيه,3054
ليتناسب,3055
بقيه,3056
شكرلكم,3057
المكتوبة,3058
مممممممممممممممممممممممممتازه,3059
ثاااابت,3060
يرررررطب,3061
بعمممق,3062
ويدووم,3063
طويلااا,3064
مطلوب,3065
حفظ,3066
اونقل,3067
وسوف,3068
اتعامل,3069
هيلوكوبتر,3070
صغيرة777,3071
بيسرب,3072
الحجارة,3073
ومشوقه,3074
محترف,3075
الفرشاة,3076
جليبريك,3077
التلبسيه,3078
اتمنئ,3079
واتعشم,3080
النظرة,3081
لكنى,3082
بوظت,3083
ماجيكن,3084
وبجيب,3085
اوراق,3086
الكتشينا,3087
البى,3088
تبعهه,3089
45,3090
مفترى,3091
تكسب,3092
125,3093
واصلن,3094
بايظ,3095
ومفتوح,3096
فانتازتك,3097
مؤذية,3098
للانف,3099
للفم,3100
يجيب,3101
تنظيفها,3102
والخياطة,3103
متدنيه,3104
القواطع,3105
يتاعتها,3106
حامية,3107
نضيفة,3108
شهلة,3109
موفرة,3110
الجهد,3111
كومباكت,3112
مزاياها,3113
بتفوق,3114
الطرازات,3115
كالآيفون,3116
والجلكسي,3117
للتنظيم,3118
حق,3119
تقال,3120
والشراء,3121
والكثافة,3122
والحماية,3123
واللمعة,3124
لسيارتي,3125
وارتحت,3126
الصحيح,3127
مصداقيه,3128
تخزين,3129
الطاقة,3130
ومرنة,3131
ويتحمل,3132
وصلب,3133
ومميزاته,3134
والمحلات,3135
سعركم,3136
فيرجي,3137
مراجعة,3138
نستطيع,3139
البصل,3140
وبتنظف,3141
القائمين,3142
حلووه,3143
ومافيها,3144
اضرار,3145
موتور,3146
جدامجرد,3147
خارجي,3148
ومضمون,3149
سئايضا,3150
مزعجه,3151
الوحيدة,3152
شفرة,3153
أحيانا,3154
معاك,3155
نفسة,3156
اضحك,3157
مظلم,3158
صدمت,3159
وطلع,3160
حولي,3161
يسوؤل,3162
لقليلا,3163
طوله,3164
الستندر,3165
لفساتين,3166
السهرة,3167
انتظر,3168
الطبخ,3169
الخبز,3170
شغالة,3171
والصوت,3172
وتشغيل,3173
مقاطع,3174
صوتية,3175
تتراقص,3176
ومتتازه,3177
للمساجد,3178
توقيت,3179
هجرى,3180
وميلادى,3181
ومواقيت,3182
الصلاه,3183
ظبطها,3184
تحوم,3185
ررروعه,3186
اضافة,3187
الامانة,3188
فبعد,3189
تعبئتها,3190
اليدويه,3191
المضخه,3192
الكهربائيه,3193
اطلاعي,3194
الكتيب,3195
الهوائيه,3196
وتبين,3197
يحتوي,3198
لغة,3199
لدواعي,3200
والتعامل,3201
راق,3202
والاهتمام,3203
لدوت,3204
الاهتمام,3205
بتوصيل,3206
لشركات,3207
حبوب,3208
البريطانيه,3209
المعروفه,3210
عالميا,3211
الكابسبليكس,3212
بلفلفل,3213
غبر,3214
وحرام,3215
النجمة,3216
الكبرى,3217
لتعليقها,3218
الجدار,3219
واتبعت,3220
الارشادات,3221
تفلح,3222
بالكتيب,3223
بالجراب,3224
قشر,3225
القيام,3226
باجراء,3227
مكالمة,3228
سماع,3229
لأنخفاض,3230
خشونه,3231
لشعر,3232
واوالوانها,3233
زاهية,3234
لمناسبات,3235
والاعياد,3236
الوصل,3237
والذراع,3238
فانكسرت,3239
فانها,3240
تمثل,3241
عيبا,3242
وغيره,3243
بالنسية,3244
مضروبة,3245
للأصلي,3246
بالتركيب,3247
اسود,3248
واتفاجئت,3249
واكثر,3250
الاضاءه,3251
تستمر,3252
بيت,3253
والادوات,3254
تفاجئت,3255
بالخاتم,3256
مكتم,3257
بزياده,3258
وتحسه,3259
مطعج,3260
مصقول,3261
الرمل,3262
مظبوطة,3263
أطول,3264
المغناطيس,3265
والمغناطيس,3266
التاني,3267
هيبقو,3268
قدام,3269
فالجذب,3270
بينهم,3271
هيكون,3272
هتقفل,3273
تخرج,3274
كابل,3275
لتكون1080,3276
1080,3277
1920,3278
اضيفه,3279
كريمات,3280
الترطيب,3281
وال,3282
حمامات,3283
لزيادة,3284
تحب,3285
الاحتفاظات,3286
بالبطاقات,3287
كالرخص,3288
والهويه,3289
وبطاقات,3290
الصراف,3291
يفقد,3292
قياسية,3293
تعجبكم,3294
وسلسه,3295
مخدة,3296
رقبة,3297
بداخلها,3298
لمرتين,3299
الرغم,3300
12000,3301
صيانه,3302
مسدس,3303
اعاده,3304
تدوير,3305
جدواه,3306
ممـــــــــــــــــــــتازة,3307
تعجبني,3308
كأنه,3309
ختى,3310
لسيارات,3311
ريالين,3312
وحسبنا,3313
شاده,3314
بأقتنائها,3315
النفاصيل,3316
وجة,3317
لايطابق,3318
إيتابل,3319
وجدا,3320
شلش,3321
لعدة,3322
شهور,3323
يقابلني,3324
لله,3325
مزكور,3326
ألم,3327
المذكرور,3328
والنجاح,3329
ملمسه,3330
زكيه,3331
مرطب,3332
لوشن,3333
لسرعه,3334
اشكرا,3335
الموضوع,3336
لاتساعد,3337
علئ,3338
تصدره,3339
وماحبيتها,3340
للأمانه,3341
ذم,3342
سلعك,3343
تحت,3344
نحكم,3345
النظره,3346
وبامكانك,3347
الحسابي,3348
للقراءات,3349
اتقطع,3350
الابداع,3351
غرف,3352
النوم,3353
للمسارح,3354
المظلمة,3355
لايتوفر,3356
القفل,3357
يبدأ,3358
البشره,3359
اختلاف,3360
أستخدم,3361
يوميا,3362
يتوجب,3363
مكياج,3364
تصويرها,3365
وتصوير,3366
جداوالصوت,3367
جيدكام,3368
الكلمهاستخدمتها,3369
مطاطيه,3370
كريهه,3371
التفصيل,3372
بدرجه,3373
والارتداء,3374
حامل,3375
أجهزة,3376
45581,3377
انارة,3378
الحديقة,3379
تضيف,3380
جمالا,3381
الممرات,3382
الأحواش,3383
علبة,3384
يثير,3385
الشك,3386
تسلمت,3387
وإحدى,3388
واتصل,3389
ارسلو,3390
مندوب,3391
ليسترودوا,3392
وينصح,3393
بوجودها,3394
وبحكم,3395
فإنها,3396
لجهد,3397
اشكل,3398
الانيق,3399
الئ,3400
توقيع,3401
عالاستلام,3402
حتا,3403
عمال,3404
يركبوه,3405
ويمشو,3406
الثوم,3407
المبتكرة,3408
لوصفة,3409
كيك,3410
يوجدسلبيات,3411
اطراف,3412
كثرة,3413
لتجاري,3414
يمكنك,3415
الظلام,3416
ذهبي,3417
فاقع,3418
افتح,3419
وقيمة,3420
وايضا,3421
علامة,3422
تجارية,3423
وقتة,3424
نطلب,3425
الموعد,3426
وعصرية,3427
بالمائه,3428
والتصميم,3429
اشخاص,3430
خيوطها,3431
مقلد,3432
وانيقه,3433
الواصفات,3434
والصدق,3435
وتنظيف,3436
اظافر,3437
القديمين,3438
تستهلك,3439
التاكيد,3440
سلامه,3441
الفأرة,3442
ميكروسوفت,3443
القطاعة,3444
وتركيبتها,3445
هشة,3446
متماسكة,3447
بالتجربة,3448
عبارة,3449
شامبو,3450
مصنوع,3451
تعبانه,3452
فتحات,3453
يواس,3454
البائعين,3455
يبيعوا,3456
للاجهزة,3457
رررائـــــــــــج,3458
جداااااا,3459
النفخ,3460
لباقي,3461
لحمل,3462
المنفاخ,3463
السماع,3464
والحواجز,3465
أخافض,3466
ورفعة,3467
للسماع,3468
أوضح,3469
فتحت,3470
مغلف,3471
مستعملةوعندما,3472
التالي,3473
الأساس,3474
فعرفت,3475
تخلا,3476
صاحبه,3477
اتحدث,3478
تقفيل,3479
وحش,3480
طبيعه,3481
الضامه,3482
خلعت,3483
مساء,3484
الخير,3485
الدائرتين,3486
الأحمر,3487
أرجح,3488
لأحد,3489
جعلت,3490
الإيفون,3491
إستخدمت,3492
جدااااااا,3493
استعملها,3494
قط,3495
هيكلها,3496
الخارجى,3497
وقصر,3498
وضعف,3499
الكهربى,3500
الرضا,3501
بالسلعه,3502
تسوى,3503
اصحى,3504
نومتي,3505
لاختلاف,3506
صفر,3507
وتوقف,3508
أسبوع,3509
مزاجية,3510
نظامها,3511
أصدقاء,3512
شكراااااااا,3513
خدمتكم,3514
المميزة,3515
ينقطع,3516
ومايستاهل,3517
بإستثناء,3518
جمع,3519
الأغراض,3520
دفعة,3521
المندوب,3522
قمه,3523
الذوق,3524
الاسره,3525
الحراره,3526
المنتجات,3527
مرت,3528
يغركم,3529
لكونه,3530
السوائل,3531
الأجسام,3532
المرضى,3533
كحرارة,3534
الحليب,3535
يشتروا,3536
75,3537
قدم,3538
تتقيد,3539
ويستهلك,3540
تبيه,3541
وبتلاحظ,3542
واستهلاكه,3543
العالي,3544
بالجودة,3545
الكافية,3546
والسعرر,3547
والنوعيه,3548
العصا,3549
المنتصف,3550
كحامل,3551
رفع,3552
تنكسر,3553
ثابتا,3554
ويتحرك,3555
لاتقيء,3556
البرد,3557
متقدم,3558
ومريحه,3559
وفريدة,3560
نوعها,3561
وامنه,3562
شرائي,3563
لصوره,3564
امانتكم,3565
ارفاق,3566
شفرات,3567
لتجربته,3568
مؤلم,3569
العيون,3570
2999,3571
بكتيييير,3572
راائعة,3573
رفيع,3574
وااو,3575
أعطيها,3576
النجووم,3577
ومنع,3578
تساقطه,3579
بالضبط,3580
أبحث,3581
ولاأنصح,3582
دائرة,3583
تبيها,3584
انصحك,3585
تليفوني,3586
لاستقبال,3587
بالمقارنه,3588
لكه,3589
كمالياته,3590
للحماية,3591
لأكثر,3592
الجفاف,3593
الكرستالات,3594
وبريقها,3595
متأخرا,3596
ستة,3597
يوما,3598
أسود,3599
مطلوبه,3600
الحفظ,3601
وانوي,3602
وجدتوهي,3603
للأقارب,3604
رومنسي,3605
يعاد,3606
الواحدة,3607
الغزل,3608
تنشر,3609
بشي,3610
معرف,3611
كيد,3612
المستهدف,3613
علم,3614
بحجمها,3615
يفاجأ,3616
ويتوافق,3617
اسلوبه,3618
اعطيه,3619
نجمه,3620
قماشته,3621
رقيقة,3622
بيتقطع,3623
القطعه,3624
المشترئ,3625
توفرعليك,3626
اشياء,3627
ومفيده,3628
للاعمال,3629
المنزليه,3630
التقيد,3631
بالمواعيد,3632
وسرعت,3633
والرزق,3634
الحلال,3635
بخير,3636
تمتص,3637
البلل,3638
الأنواع,3639
الحفاظات,3640
معطرة,3641
مطورة,3642
ومعالج,3643
الموديلات,3644
والتحمل,3645
والأمان,3646
يعجبنى,3647
عالبشرة,3648
ولطيف,3649
تفتيحها,3650
سكين,3651
طلبه,3652
لزوجتي,3653
الصيدليات,3654
للمعيار,3655
ومنتج,3656
واتقطعت,3657
وجهة,3658
نظري,3659
والمايك,3660
سلكه,3661
قيره,3662
ظننتها,3663
مناسبا,3664
لإمكانتها,3665
مث,3666
اابدا,3667
أبواب,3668
بقوة,3669
ويعيبه,3670
اقفاله,3671
بقفل,3672
وخاماتها,3673
مشكلتها,3674
الارتداء,3675
العلب,3676
الموجوده,3677
للمحافظه,3678
الاطعمه,3679
مممممتاااازه,3680
المشمع,3681
الفوارق,3682
منفصلة,3683
نتمنى,3684
بديل,3685
لاهتمامكم,3686
المصداقيه,3687
بالعروض,3688
المقدمه,3689
ويتفاجء,3690
العميل,3691
بالخدمات,3692
السيئه,3693
صحيحه,3694
واقعيه,3695
والتنقل,3696
ضررر,3697
مخاطر,3698
الصغار,3699
سئيه,3700
اقتنائها,3701
للعميل,3702
يمنع,3703
الاتربه,3704
والحشرات,3705
ويحمي,3706
الاوساخ,3707
لأنك,3708
سجادة,3709
لاتقي,3710
صليت,3711
باحة,3712
المسجد,3713
الغترة,3714
وأتمنى,3715
للبيع,3716
أقوم,3717
الروعخ,3718
ممتااااااازه,3719
وثاااابته,3720
مييزه,3721
فيهااااا,3722
مرااااااااااا,3723
حبيتها,3724
أندم,3725
عصارة,3726
البرتقال,3727
خاصية,3728
أوربت,3729
وساعدني,3730
تقوية,3731
عضلات,3732
الكتف,3733
والبطن,3734
بالام,3735
تخشن,3736
كاسيو,3737
12999,3738
للرجال,3739
انالوج,3740
بعقارب,3741
مساحته,3742
320,3743
متاحه,3744
لايمكنك,3745
للفيسبوك,3746
والواتس,3747
اب,3748
والفايبر,3749
والخرايط,3750
برامج,3751
حفظها,3752
الذاكره,3753
تمتليء,3754
يبدء,3755
التهنيج,3756
المستمر,3757
مصداقية,3758
مشابهة,3759
لتلك,3760
يشترون,3761
سوقكم,3762
افتكرت,3763
هيتعدل,3764
ياخد,3765
كفايه,3766
بيعلق,3767
عايزه,3768
سمحتو,3769
مظهر,3770
تجرب,3771
لوحظ,3772
وتشقق,3773
بالمقعد,3774
أغراضهم,3775
وكتبهم,3776
ورضعاتهم,3777
اسخدامه,3778
والبيت,3779
لرحلات,3780
والفرش,3781
اكثرمن,3782
ولايكلف,3783
الاجهزه,3784
اقتنيتها,3785
حصل,3786
ظعيف,3787
وماتنفع,3788
القزاز,3789
يدة,3790
ويسرق,3791
علقتها,3792
الشباك,3793
انتاج,3794
المصمم,3795
والسبيكر,3796
الالعاب,3797
والبرامج,3798
والالعاب,3799
أرخص,3800
اللغة,3801
وهل,3802
الكيبورد,3803
اللغه,3804
اكنس,3805
بيدي,3806
راحة,3807
ادابتور,3808
وتؤدى,3809
ليتم,3810
مخصيصة,3811
لإدخالها,3812
كبس,3813
وتضطر,3814
الملحقة,3815
بالإضافة,3816
جلب,3817
خارجية,3818
للتحويل,3819
إس,3820
فيشة,3821
والغير,3822
ملحقة,3823
البهارات,3824
ولمن,3825
يحب,3826
الفئه,3827
انصحه,3828
طرحه,3829
الكاس,3830
ومجهود,3831
سأشتريها,3832
الاوامر,3833
الصوتيه,3834
باللغه,3835
إلانجليزية,3836
لايدعم,3837
حركة,3838
ربطه,3839
بالهاتف,3840
النقال,3841
متوفره,3842
لاوربا,3843
حقيقي,3844
لاتناسب,3845
لاتنتقل,3846
متواصلة,3847
سرعات,3848
مايتمزق,3849
البلاستيكي,3850
خروج,3851
الدخان,3852
سدادة,3853
داخلية,3854
لاأعلم,3855
مافائدتها,3856
وللعلم,3857
بإزالتها,3858
مؤخرا,3859
ثباته,3860
الشفاه,3861
الانتاج,3862
لعناية,3863
اللمسات,3864
الاخيرة,3865
للأنظار,3866
وقمة,3867
الون,3868
مطلي,3869
بالصور,3870
برونزي,3871
خايس,3872
مايشتغل,3873
ركبتا,3874
الاستيك,3875
ناشف,3876
والابزين,3877
بلاستك,3878
توضع,3879
كيسها,3880
لاصلي,3881
مغشوشه,3882
حسبي,3883
وتاخرت,3884
اخذت,3885
17,3886
ادني,3887
اداه,3888
الدقه,3889
والوضوح,3890
الخدش,3891
ماذكر,3892
دعايه,3893
للحصول,3894
للخدوش,3895
الاحظ,3896
لحظة,3897
شراءه,3898
خسارة,3899
هزاز,3900
قياس,3901
الملح,3902
والحرارة,3903
للمياه,3904
للطفل,3905
وحافظة,3906
لعينيه,3907
الشامبو,3908
نوعاما,3909
غريبة,3910
تفي,3911
كإستخدام,3912
كقطعه,3913
فهيه,3914
وتضفي,3915
رونقا,3916
خاصا,3917
للغرفه,3918
كتحفه,3919
القيمه,3920
وتنفع,3921
بتحافظ,3922
الكروت,3923
مفصلات,3924
الحافظه,3925
اقوى,3926
وعموما,3927
وبتجذب,3928
شافها,3929
معايا,3930
بيقوللى,3931
بتتباع,3932
باقتنائه,3933
الطرد,3934
ضغيف,3935
الافلام,3936
متوفرة,3937
للخامه,3938
كتب,3939
فالتكبير,3940
والزر,3941
يبعد,3942
العدسات,3943
البعض,3944
ينفك,3945
الحياكة,3946
أرى,3947
يجوز,3948
64,3949
ومطابقه,3950
جدآجدآ,3951
عناء,3952
وجودك,3953
الشقة,3954
سقوط,3955
المطر,3956
أولاوفق,3957
البائعة,3958
لايتناسب,3959
قدرتة,3960
لايشحن,3961
ززثقيل,3962
تسطيع,3963
الأطعمة,3964
المجمدة,3965
بمهارة,3966
ولكنني,3967
اكتشفت,3968
الجبنة,3969
البيضاء,3970
الخطروات,3971
مضمونة,3972
خربان,3973
كويسالجهاز,3974
فلم,3975
افرمتو,3976
والان,3977
باتصل,3978
العملا,3979
للتعاون,3980
قبلكم,3981
ايجابي,3982
كسلعة,3983
وخدمة,3984
وضمان,3985
لتعبئة,3986
فرنسية,3987
صحيحا,3988
حدود,3989
الظفر,3990
رأسين,3991
احتياطي,3992
للتبديل,3993
عطب,3994
سلس,3995
الخلفيه,3996
١٦,3997
ميغا,3998
بكسل,3999
١٣,4000
بارسال,4001
رساله,4002
برابط,4003
لتحديد,4004
اارابط,4005
بوجه,4006
بطلبها,4007
المره,4008
لارسالهم,4009
لاني,4010
ووجدتها,4011
يتعلق,4012
ماتشتغل,4013
جبت,4014
بيشحن,4015
كلمت,4016
بعت,4017
بردو,4018
وغاليه,4019
بشيء,4020
ﻻنه,4021
يمكنى,4022
تجميعها,4023
للاستفاده,4024
والتصمميمات,4025
نشكركم,4026
توفير,4027
وننتظر,4028
بجد,4029
تصميمإمكانيات,4030
تصوير,4031
نقاء,4032
مذهل,4033
الأداء,4034
زملائه,4035
شاريها,4036
الاتقان,4037
الاله,4038
حببني,4039
تنافس,4040
اطفالي,4041
اعاني,4042
قلة,4043
اكلهم,4044
الزجاجات,4045
محكمة,4046
الاغلاق,4047
باللاصق,4048
وهناك,4049
للحبر,4050
للنظر,4051
لداخلية,4052
نظيف,4053
واجابي,4054
منخفضه,4055
تناسق,4056
بالحجم,4057
الصفقات,4058
وتحافظ,4059
حماية,4060
خلفية,4061
وعدسة,4062
الكميرا,4063
الاتصالة,4064
لوجوده,4065
افقي,4066
المضخة,4067
اشترى,4068
مروحه,4069
مبرد,4070
وتقدمت,4071
بشكوه,4072
بتصليحة,4073
حسابى,4074
بكثير,4075
أبعاد,4076
والعلبة,4077
مهترئة,4078
لاصق,4079
لاستخدامها,4080
البرية,4081
والبحرية,4082
بالإمكان,4083
علا,4084
كتف,4085
إمدادات,4086
بالكتف,4087
لانواع,4088
الهواتف,4089
خايف,4090
مررة,4091
وراح,4092
ثانية,4093
شاءالله,4094
الدخول,4095
التنظييف,4096
بشرا,4097
ندمت,4098
الاتصال,4099
الهاتفي,4100
والعرض,4101
يحبدون,4102
الانيقه,4103
والصغيره,4104
محتاج,4105
الشكليه,4106
عيبها,4107
وبصراحه,4108
بصوره,4109
والحقيقه,4110
الطريقة,4111
المثلى,4112
لمحرك,4113
وبصورة,4114
ومفعوله,4115
الضروري,4116
خمسة,4117
مايندم,4118
اعتقادي,4119
ارفع,4120
حبل,4121
مثاليا,4122
جلسات,4123
المستشفى,4124
باااهظة,4125
صينيه,4126
وتجعلك,4127
باشياء,4128
تقم,4129
السابق,4130
ادراج,4131
الاستخدامات,4132
المتعددة,4133
تسريح,4134
فرشتين,4135
بمقاسين,4136
مختلفين,4137
والطويل,4138
صينية,4139
متطابقه,4140
الاستغناء,4141
اختبارات,4142
المختبرات,4143
مممتازة,4144
ومتوافقه,4145
الاخير,4146
كبل,4147
اتش,4148
معرفش,4149
لاتبدو,4150
تسويقها,4151
والوصف,4152
المعروضحيث,4153
واتضح,4154
الفضي,4155
للتحمل,4156
يمضي,4157
٢٤ساعة,4158
واصبحت,4159
لشئ,4160
ويستحق,4161
الاشادة,4162
عدا,4163
فالنقل,4164
إيصال,4165
رائحتها,4166
اقوم,4167
ويستاهل,4168
يفكر,4169
يجيبها,4170
المرتبة,4171
تحتاجها,4172
أسرة,4173
جدأ,4174
وسماكة,4175
الارجل,4176
وقوة,4177
الدعمات,4178
وسلاسة,4179
نرى,4180
واحسن,4181
صنعها,4182
سئية,4183
صحة,4184
لعنوان,4185
ثنتين,4186
الفتله,4187
الشواحن,4188
ومطابق,4189
ويمكننى,4190
كتابليت,4191
تنزيل,4192
تطبيقات,4193
والاستمتاع,4194
والانترنت,4195
والتوجيه,4196
السايجك,4197
وبرنامج,4198
البر,4199
وشكلهم,4200
حلوو,4201
شريتهم,4202
عجبني,4203
يهنج,4204
ممره,4205
وبالنسبة,4206
لأداءه,4207
الشبك,4208
تستوعب,4209
للعزابيين,4210
والمتزوج,4211
أجزاء,4212
وأدوات,4213
توقف,4214
وحتي,4215
حدث,4216
اتشح,4217
لاتجدي,4218
نفعا,4219
الكيس,4220
رقيقا,4221
سمسكا,4222
الخامسه,4223
كاللعبه,4224
الاي,4225
باد,4226
ترا,4227
توم,4228
يتحرك,4229
ويتفاعل,4230
بصوتك,4231
وهميه,4232
الطيور,4233
ويذوب,4234
لاحاجة,4235
اخراج,4236
البالستيك,4237
هش,4238
الأيفون,4239
أيباد,4240
رسالة,4241
أستفد,4242
إلقائه,4243
القمامة,4244
برداءة,4245
الرحمن,4246
اﻷصليه,4247
بعلبة,4248
مرتبه,4249
ومغلفه,4250
قائمة,4251
باختيار,4252
اذ,4253
بزالة,4254
بحجم,4255
بمقاسي,4256
ستاند,4257
الكيك,4258
المطور,4259
بافضل,4260
حاله,4261
اسعدني,4262
مجديه,4263
اشترتيها,4264
وأنيقه,4265
ساعطي,4266
صابونة,4267
ونتائجها,4268
واهم,4269
مية,4270
بالمية,4271
أصلي,4272
١٠٠,4273
بدلة,4274
رياضية,4275
مظهره,4276
ظهر,4277
بيتكسر,4278
يتشقق,4279
لوحده,4280
سبب,4281
وبتنضف,4282
منيح,4283
بالظبط,4284
الايجابيات,4285
والسلبيات,4286
وسهلت,4287
سيارات,4288
والسوسته,4289
ضعيه,4290
وصفة,4291
الدكتور,4292
سيركان,4293
ايجن,4294
لزراعة,4295
للشهر,4296
السادس,4297
حاليا,4298
مساعد,4299
لنمو,4300
يضاعف,4301
90,4302
نتائجها,4303
البخاخات,4304
والمحاليل,4305
سلاقة,4306
قرأته,4307
رأيه,4308
واقعا,4309
وتتسحق,4310
اللعب,4311
أرغب,4312
مشد,4313
لتنحيف,4314
قراءه,4315
وايفون,4316
رووووووعه,4317
مهم,4318
وصغر,4319
للبشره,4320
وناسبني,4321
جداوالنتيجه,4322
مرضيه,4323
وكريم,4324
معاه,4325
وثابت,4326
أتوقع,4327
سابق,4328
معروض,4329
باااااهت,4330
والخيوط,4331
تنسمت,4332
جانب,4333
عذا,4334
زبونة,4335
دائمة,4336
صعقت,4337
صعقة,4338
بفتح,4339
رميتها,4340
لأنني,4341
أقتني,4342
وعذرا,4343
والصناعه,4344
مصريه,4345
لايغلق,4346
لاينصح,4347
رائحت,4348
سبق,4349
والتانيه,4350
بيعلى,4351
ويوطى,4352
العلبتين,4353
مكسوره,4354
خلط,4355
سائل,4356
رغوة,4357
لجودة,4358
بالتأكيد,4359
سأوصي,4360
الكهربي,4361
وضوح,4362
الشاشةعدم,4363
بالعبسرعة,4364
العطب,4365
كوب,4366
الكوب,4367
وتحضير,4368
يرد,4369
للاسعمال,4370
قوه,4371
تركيز,4372
تغليف,4373
وبما,4374
يقيم,4375
يجيني,4376
خصائص,4377
بإقتنائه,4378
استعملته,4379
شارجر,4380
2008,4381
بيجرب,4382
التسارع,4383
وهوا,4384
متطمن,4385
ومتأكد,4386
وبكل,4387
سلاسة,4388
باقتناء,4389
ممتــــــــــــــــــــــتازة,4390
جــــــــــــدا,4391
جـــــــــــــدا,4392
ولكــــــن,4393
خياطـــــــة,4394
المنظـــــــم,4395
مقعــــــــد,4396
الخلفي,4397
الجيوب,4398
بالمنظم,4399
قصيــــــــــر,4400
ويشكرون,4401
فتـــــــرة,4402
التوصيــــــل,4403
للضيافه,4404
تحتوي,4405
بسحاب,4406
كمجرب,4407
أفادتني,4408
كثيير,4409
أموور,4410
ربي,4411
يسعدك,4412
ماقصرت,4413
وملىء,4414
بالعيوب,4415
الفنية,4416
كمكنسة,4417
ترك,4418
9,4419
ساعتين,4420
مؤشر,4421
يدل,4422
انتهاء,4423
الألعاب,4424
تتمتع,4425
بالمزاياء,4426
الجيده,4427
التشويق,4428
والإثاره,4429
والمشاركة,4430
اصدقائك,4431
واللعبة,4432
بمزاياء,4433
الأجزاء,4434
طرحها,4435
للعبة,4436
اسم,4437
بإستعماله,4438
وهالغرب,4439
لعبو,4440
بالداعيات,4441
ويثيرون,4442
المسكين,4443
جلس,4444
مايقارب,4445
اعيد,4446
مانزل,4447
نقطه,4448
عرق,4449
حراره,4450
والاهتزاز,4451
يدووووخ,4452
الراس,4453
ويقلب,4454
الكبد,4455
ناقص,4456
لايستفاد,4457
للأعياد,4458
والحفلات,4459
جهودكم,4460
30000,4461
النوت,4462
9مرات,4463
الشخصية,4464
يكمل,4465
لاتتعدى,4466
3500,4467
ملى,4468
المنزلى,4469
والسيارة,4470
والحديقة,4471
منظمه,4472
تنظم,4473
وتلاقي,4474
حاجتك,4475
وتشخيص,4476
اطفال,4477
المحكم,4478
جيدجداا,4479
لأي,4480
تعدد,4481
المحمولة,4482
المنفذ,4483
منفذ,4484
الولاعة,4485
لمنفذ,4486
بكابل,4487
يسهل,4488
السعة,4489
بسعرهاويعيبها,4490
جمييبل,4491
مدهش,4492
ساخبر,4493
الاستحمام,4494
واراحه,4495
الحصول,4496
لاظهار,4497
جسمه,4498
المصدقيه,4499
للبطيخ,4500
تابليت,4501
08,4502
يجعله,4503
حسناتك,4504
لأمانتك,4505
متأخر,4506
فإن,4507
لشهر,4508
كالايدنج,4509
لدي,4510
الشرا,4511
فكل,4512
مضى,4513
فاشله,4514
الطائراة,4515
يفتقد,4516
ابتكار,4517
لفصل,4518
الصفار,4519
الزلال,4520
بطريقه,4521
للتعرف,4522
السلبيات,4523
وصلر,4524
بدها,4525
رمي,4526
ياريت,4527
جبتها,4528
دغري,4529
اتوقعها,4530
اتمناها,4531
بمواصفات,4532
الايفون,4533
بلاستيكية,4534
متينة,4535
ترتب,4536
الاحذية,4537
ونظيف,4538
منتجه,4539
ومصداقيته,4540
المرفقة,4541
بالسلعة,4542
وانقطع,4543
جدوى,4544
بلوف,4545
الكفرات,4546
الاخضر,4547
طالما,4548
يحتفظ,4549
يقل,4550
32,4551
ويتحول,4552
نقص,4553
يسوا,4554
وتغليفه,4555
ومتوسطة,4556
لعائلة,4557
مقاومة,4558
للصدء,4559
المقاسات,4560
اجود,4561
تبيض,4562
الأسنان,4563
ادفع,4564
الرجال,4565
والنساء,4566
وقمت,4567
دخل,4568
واختفت,4569
الفجر,4570
تفوقها,4571
بكثييييييييييير,4572
صمان,4573
دولي,4574
موثوق,4575
يضمن,4576
حقك,4577
ورق,4578
البانر,4579
المسئول,4580
بأعلى,4581
مصنوعة,4582
وتحتفظ,4583
بالحراره,4584
مده,4585
طوييله,4586
للعائله,4587
الصغييره,4588
لااباس,4589
نقل,4590
الملفات,4591
بفضل,4592
تقنية,4593
بيومان,4594
بداء,4595
ظهوار,4596
داخلي,4597
جداوالسعر,4598
فاعلية,4599
الرصاصي,4600
الباهت,4601
ملاحظتها,4602
جاء,4603
بالصورة,4604
إنها,4605
الواضح,4606
سمك,4607
التزم,4608
بميعاد,4609
الارسال,4610
خاب,4611
ظني,4612
توقعت,4613
تقدير,4614
خاتم,4615
سلسلة,4616
حدا,4617
متحمسا,4618
والمنتج,4619
العطورات,4620
التجارية,4621
الجملة,4622
ماركه,4623
محترمه,4624
الازرار,4625
بتعلق,4626
استفد,4627
المبلغه,4628
المكيفات,4629
الصحرايه,4630
بجوده,4631
للتنعيم,4632
صنعت,4633
لأجله,4634
اند,4635
ديكر,4636
7122,4637
مفكات,4638
براغي,4639
استلامه,4640
متعطل,4641
مشكلته,4642
جييد,4643
لاجهزه,4644
التاب,4645
لايتحمل,4646
صلب,4647
بتقطع,4648
حديدها,4649
والايد,4650
بتاعتها,4651
اتكسرت,4652
حديد,4653
سغر,4654
1000,4655
درهم,4656
الاروع,4657
الثناء,4658
والاقتناء,4659
تسليمها,4660
بكب,4661
وبعيد,4662
مجاملة,4663
شريت,4664
بحوالي,4665
٢٤,4666
مربع,4667
اكسترا,4668
بتقريبا,4669
ذاكر,4670
المساحه,4671
يغطيها,4672
فسعره,4673
فيمكن,4674
للبروفوشنل,4675
والمبتدئة,4676
والصبايا,4677
والأطفال,4678
الصبع,4679
الأصابع,4680
ومناسه,4681
خارج,4682
لحبيبات,4683
الكافيار,4684
لتزيين,4685
لاتحتوي,4686
لوضع,4687
الحبيبات,4688
بطل,4689
زين,4690
الأمهات,4691
ولكل,4692
العرسان,4693
الريال,4694
السعودي,4695
المدخلة,4696
أوراق,4697
مئة,4698
حضور,4699
ضيوف,4700
القطب,4701
المتجمد,4702
الجنوبي,4703
وأرسلي,4704
والموقع,4705
سوقكوممحترم,4706
سلع,4707
وآرامكس,4708
التزمو,4709
ردىء,4710
جداانا,4711
حشترى,4712
ملصق,4713
حائط,4714
أكاد,4715
الصقهم,4716
يفك,4717
والوان,4718
امله,4719
واتقطع,4720
العجلات,4721
المضيئه,4722
لاتعملل,4723
تصدر,4724
صرصره,4725
موزونه,4726
نزله,4727
الاراضي,4728
المستويه,4729
راس,4730
وتتغير,4731
بيري,4732
نزول,4733
إصدارات,4734
يعاني,4735
المشاكل,4736
الفيتامينات,4737
ماره,4738
شخصيه,4739
تنعم,4740
واقل,4741
التجاري,4742
بكثر,4743
وبستخدام,4744
العديد,4745
اللوازم,4746
فخيراته,4747
وتصل,4748
البضعاعة,4749
اختار,4750
ينظغط,4751
طلبتها,4752
جاني,4753
موف,4754
احدد,4755
بدري,4756
والمنظمة,4757
كويسا,4758
قديم,4759
المفصلات,4760
المستخدمه,4761
متماثله,4762
عاجل,4763
اجل,4764
الطموح,4765
نتيجته,4766
ساعد,4767
تساقط,4768
متوقع,4769
ﻻيعمل,4770
اخد,4771
للوصل,4772
والأهم,4773
وتشعر,4774
ستكسر,4775
يدك,4776
ومعه,4777
عامان,4778
الشاش,4779
ويتمزق,4780
واذا,4781
فقدت,4782
خاصيتها,4783
بمنع,4784
البعوض,4785
تحكم,4786
بدرجة,4787
تفصل,4788
أغلى,4789
وبه,4790
أرقام,4791
لأشخاص,4792
للعملة,4793
فتره,4794
مصنع,4795
ليتحمل,4796
التدريبات,4797
الحركه,4798
كسر,4799
صالج,4800
كجودة,4801
شبة,4802
صمغية,4803
الجو,4804
ذابة,4805
وأضرة,4806
بجوالي,4807
استعمالة,4808
اعيش,4809
المنطقة,4810
الشرقية,4811
الامور,4812
بحتاجها,4813
اعطاء,4814
وعمليا,4815
لوضعه,4816
تعرض,4817
عملاء,4818
النظاراه,4819
ردئه,4820
وتفاجأت,4821
بوصولها,4822
وجيز,4823
طبقا,4824
اتمناه,4825
متناغمه,4826
وتتميز,4827
بصوتهاالرائع,4828
البيتس,4829
بإقتنائة,4830
71,4831
وبتقطع,4832
تسجيل,4833
اكونت,4834
جوجل,4835
بيهنج,4836
سينسور,4837
احببت,4838
السللعه,4839
كهدية,4840
تطرد,4841
الفئران,4842
وصناعتها,4843
لطريقه,4844
سانيب,4845
برايت,4846
ومقالي,4847
أزرق07250,4848
تعاونكم,4849
توقعاتي,4850
المطلوبه,4851
مطلية,4852
ذهب,4853
اكسسوار,4854
تزيد,4855
2800,4856
مللي,4857
ومضحك,4858
المبللة,4859
لبطارية,4860
اكرر,4861
تصلها,4862
بجوال,4863
بجهاز,4864
قدية,4865
وانها,4866
ومتوقفه,4867
بالصناعة,4868
ضبط,4869
ومختصر,4870
مالك,4871
يارب,4872
ويكثر,4873
امثالك,4874
وشكلة,4875
متناسق,4876
رسوماتها,4877
ومختلفه,4878
وتطبع,4879
معاها,4880
كرستالات,4881
للزظافر,4882
وملقط,4883
للكرستالات,4884
وواداة,4885
تنقيط,4886
واختصرت,4887
الاجمل,4888
الاساور,4889
سعيدة,4890
راي,4891
سلبي,4892
والتنفيذ,4893
الانتباه,4894
تسن,4895
والمقص,4896
الحذر,4897
السطح,4898
تلتصق,4899
براي,4900
لصحة,4901
القدمين,4902
السن,4903
والباحثين,4904
آثار,4905
جانبية,4906
لوحة,4907
الرئيسية,4908
المذر,4909
الفيلات,4910
ولاالمنازل,4911
لقصر,4912
بالصوره,4913
يحمى,4914
وجسم,4915
سطح,4916
املس,4917
وذراع,4918
معدنى,4919
يزيدها,4920
وصوت,4921
نقي,4922
لإنسان,4923
قامه,4924
حميلة,4925
الساعات,4926
الرقمية,4927
غسل,4928
لليدين,4929
امتلأت,4930
لذى,4931
فانا,4932
بهااا,4933
كفاءه,4934
الامام,4935
وبارك,4936
فيك,4937
وخدمه,4938
الطلبيه,4939
بتقفل,4940
بتقع,4941
وقوعها,4942
المتكرر,4943
يخليها,4944
تضيع,4945
حتة,4946
تتحط,4947
كساعة,4948
بناتى,4949
حريمى,4950
انتظار,4951
البوليصة,4952
ارجاع,4953
ولكنى,4954
اصدقائى,4955
امكانيت,4956
الجهاذ,4957
اصلية,4958
لينوفو,4959
موثوقية,4960
والبضاعة,4961
ونظيفة,4962
وبا,4963
تقاوم,4964
قطرة,4965
تمر,4966
ويوحي,4967
بالقوة,4968
بدايات,4969
استخدامي,4970
والذي,4971
بحمل,4972
المفك,4973
رووعه,4974
للحراره,4975
أهديتها,4976
تطورا,4977
وثباتا,4978
وطبعا,4979
أغلا,4980
سعرا,4981
أعتقد,4982
لكتابة,4983
حرف,4984
علبته,4985
وجديد,4986
كتقييم,4987
تفصيلا,4988
13,4989
بيكسل,4990
المغلقه,4991
تشغل,4992
فيكون,4993
اصدارات,4994
فهناك,4995
االمكان,4996
بحوالى,4997
600,4998
يصدف,4999
مكانك,5000
اخترب,5001
بعدي,5002
اشوي,5003
بجربه,5004
خلص,5005
الميزان,5006
وبعدين,5007
خرب,5008
تاريخه,5009
تنتهى,5010
وفرت,5011
ليي,5012
ونظمت,5013
يليق,5014
بلموقع,5015
يسوقو,5016
لمثل,5017
اخذتها,5018
79,5019
ونزل,5020
55,5021
يقهر,5022
توني,5023
مشتريها,5024
ينزلون,5025
الكور,5026
ضغطه,5027
انغفست,5028
تبغى,5029
حذر,5030
والانتباه,5031
عشانها,5032
الدولاب,5033
اضفت,5034
للمكان,5035
فكره,5036
مبدعه,5037
جرير,5038
450,5039
اشتريتة,5040
التخفيض,5041
وبيهنج,5042
اداة,5043
لإراحة,5044
الأهل,5045
تفقد,5046
الأطفال,5047
مثاليه,5048
لإزاله,5049
والدقن,5050
تغنيكى,5051
مشوار,5052
الكوافير,5053
اصبحت,5054
ممله,5055
مكلفه,5056
باقتناؤها,5057
متنوعة,5058
للسفر,5059
ونورها,5060
وساطع,5061
تقدر,5062
تقدمه,5063
ضيف,5064
الغذاء,5065
واستخداماته,5066
كتيرة,5067
لعصر,5068
ولاتحتاج,5069
ولونها,5070
الاستيل,5071
شو,5072
ياباني,5073
تفيدوني,5074
والاداء,5075
اتاني,5076
ايقونات,5077
يأخذ,5078
بطاقة,5079
السيم,5080
تفعيل,5081
الاماراتسيئ,5082
وعتبي,5083
ارديته,5084
الوطني,5085
عالجهة,5086
اليمين,5087
مثلي,5088
لابتوبه,5089
فلن,5090
باللابتوب,5091
اتجاه,5092
واقعية,5093
2020,5094
الاستحدام,5095
مكينة,5096
دنجلينج,5097
607,5098
تشذيب,5099
الذقن,5100
المملكة,5101
السعوديةماكينات,5102
حلاقة,5103
كهربائية,5104
حادة,5105
القص,5106
بالموجود,5107
بالمحلات,5108
توليع,5109
فحم,5110
وتحمير,5111
حلويات,5112
وكرملة,5113
سكر,5114
احساس,5115
بالامان,5116
وتمتاز,5117
بالهدوء,5118
بمادة,5119
المطلية,5120
والرتوش,5121
النهائية,5122
لعملية,5123
الطلاء,5124
متقنة,5125
سميكة,5126
وزن,5127
الوعاء,5128
لادوات,5129
اخيس,5130
بعدو,5131
اسألوا,5132
ابعدو,5133
نصيحة,5134
يشريه,5135
شفوها,5136
حولت,5137
المقاطع,5138
للجوال,5139
مقطع,5140
وتزعجك,5141
بالتصوير,5142
التقائي,5143
ﻻزم,5144
تشبكها,5145
بالبطاريه,5146
دايم,5147
وممتعه,5148
وحملهاا,5149
معرض,5150
حيزا,5151
كبيرا,5152
أقلام,5153
لتغطية,5154
الأثاث,5155
الخشبي,5156
والأرضيات,5157
باستعمالها,5158
غيرجيده,5159
لصعوبة,5160
موبايلي,5161
عالاطراف,5162
مكتمل,5163
المقلده,5164
الجديه,5165
شماغ,5166
كوكو,5167
احمر,5168
ريترو,5169
35ملمتر,5170
الاعتماد,5171
وحدها,5172
ويحتاج,5173
مقبض,5174
كافيه,5175
للتخزين,5176
الامتعه,5177
اللو,5178
وأحسن,5179
توصلك,5180
بيتك,5181
لمكانك,5182
بإضائته,5183
البياض,5184
قلي,5185
ومدهشة,5186
واقتصادية,5187
متردد,5188
هارديسك,5189
داخلى,5190
تيرا,5191
المكتبى,5192
جائتني,5193
شحنتي,5194
امس,5195
وشغلت,5196
اشتغلت,5197
جيت,5198
اشغلها,5199
علقت,5200
بالداخل,5201
والمقصات,5202
معلقة,5203
بجود,5204
الكراسي,5205
يستخدمها,5206
مخفضه,5207
تسخن,5208
تكوي,5209
قميص,5210
زالت,5211
ومافي,5212
الثبات,5213
اردت,5214
اريده,5215
يؤثر,5216
وهدر,5217
ممتااااااااااااااااااااااااااااااز,5218
تخفيف,5219
آلام,5220
العظام,5221
والمفاصل,5222
ومطابقة,5223
بتجربتها,5224
بحطوه,5225
بيديني,5226
انوه,5227
2600,5228
موبيلي,5229
1800,5230
يشحنوه,5231
كلوه,5232
وعدم,5233
قدرتها,5234
الطيران,5235
كالمذكورة,5236
ويكرا,5237
للمعجون,5238
اثقل,5239
١٤,5240
الة,5241
إمتصاص,5242
الدهون,5243
يميزها,5244
نسبيا,5245
كهديه,5246
لحبيبتك,5247
ايا,5248
وعفشة,5249
شويا,5250
عديدة,5251
واي,5252
الوقة,5253
والنوعية,5254
ووممتاز,5255
والوقت,5256
والجهد,5257
لاتعبر,5258
كور,5259
الرامات,5260
الفارق,5261
بينه,5262
رامات,5263
وبطارية,5264
مكلف,5265
2700,5266
تستحقالاقتناء,5267
الاستمرارية,5268
سيزول,5269
الاستمرار,5270
سيعود,5271
للظهور,5272
شهرين,5273
التوقف,5274
معرفة,5275
السكايب,5276
كام,5277
معقولة,5278
وأعطتني,5279
الجرابين,5280
حافظات,5281
موفق,5282
باختياره,5283
حيت,5284
الاتساخ,5285
تنظيفه,5286
بأعطيكم,5287
شوفوا,5288
ماتشتروا,5289
المفرش,5290
عرضوه,5291
للضوء,5292
الغرفة,5293
بعدها,5294
لماتطفوا,5295
النور,5296
الفضاء,5297
عيون,5298
الكون,5299
مولعه,5300
رومانسي,5301
وخيالي,5302
لسوق,5303
صالح,5304
انك,5305
تستخدمو,5306
منو,5307
للأعمال,5308
نقوم,5309
مهمة,5310
ناهيك,5311
مررره,5312
حلووووه,5313
وراااائعة,5314
وقطعهامناسبه,5315
وعديدة,5316
توصليها,5317
وبسرعه,5318
وبسهولة,5319
يضيف,5320
وبياض,5321
ماظول,5322
الاسبوعين,5323
بقاء,5324
لخمس,5325
لايسطيع,5326
جثة,5327
هامدة,5328
استلمها,5329
اشتريتو,5330
باسظ,5331
راضى,5332
دفعت,5333
الفاضى,5334
٢٩٩,5335
ب٣,5336
نزل,5337
العرض٢٤٩,5338
نوعامااااااااا,5339
ولازال,5340
سيراميك,5341
مطلى,5342
بيطقطق,5343
النار,5344
ويبوظ,5345
وبتتحرق,5346
المطاطي,5347
سقط,5348
للتصنيع,5349
تويوتا,5350
انفاق,5351
للورش,5352
اكتشف,5353
العطل,5354
رايه,5355
واشكرك,5356
تحتوى,5357
المذكور,5358
والايميلات,5359
محدثة,5360
ومعظمها,5361
ايميلات,5362
خاطئة,5363
للسيدات,5364
والاجمل,5365
وكتابته,5366
وشيك,5367
يتغيير,5368
ومدخل,5369
خصوصآ,5370
اصحاب,5371
الخطوط,5372
الطويله,5373
تفويت,5374
هالمنتج,5375
جزاه,5376
يفصح,5377
بمعلومات,5378
الفؤاد,5379
الكثيره,5380
الخ,5381
انني,5382
بختصر,5383
بإستخدامة,5384
كافي,5385
تعيدها,5386
ولهذا,5387
الكومبيوتر,5388
تشعيلها,5389
وأعتقد,5390
ويقوم,5391
بالعناية,5392
بالبشرة,5393
لطيفة,5394
أضف,5395
بمبلغ,5396
وثباته,5397
مرضي,5398
أستمتعت,5399
بالتحديات,5400
أصدقائي,5401
بروفي,5402
بريميوم,5403
سلايسر,5404
ومستوى,5405
جزء,5406
الدوران,5407
الارضيه,5408
تستحمل,5409
اوبشن,5410
وترديد,5411
لاتغنى,5412
ولاتحكى,5413
حكايات,5414
تطابق,5415
ويصلح,5416
للمناسبات,5417
الرسمية,5418
ومختلف,5419
غرض,5420
وحسن,5421
الاشكال,5422
خطيره,5423
الخامات,5424
والتفصيل,5425
وتنفصل,5426
اجزاءها,5427
اصلاحها,5428
نهائيااا,5429
فني,5430
لمعاينتها,5431
بنفسه,5432
ولاتصلح,5433
المقاساات,5434
المعدني,5435
المطلي,5436
الحبات,5437
مصدية,5438
الفعالية,5439
تفعله,5440
ترفع,5441
قدرة,5442
السكرين,5443
بروتكتور,5444
وده,5445
جدية,5446
النهار,5447
يوحي,5448
بمواصفاتها,5449
تنطبق,5450
القوة,5451
تتوقف,5452
لذالك,5453
بفعالية,5454
ناوية,5455
بتاعة,5456
خلتني,5457
اقرر,5458
اشتريش,5459
ساعدتني,5460
واسم,5461
شيروتي,5462
للاكسسوارات,5463
وكبكات,5464
اواني,5465
مطبخ,5466
حقا,5467
والامكانيات,5468
وعجب,5469
الواد,5470
ميزو,5471
حبيبي,5472
معاة,5473
بتتشحن,5474
يبقي,5475
٢٠٠٠٠,5476
١٥٠٠٠,5477
جراب,5478
لايحفي,5479
ازته,5480
صينييه,5481
تقتنو,5482
نستطع,5483
وصله,5484
بالشاحن,5485
٣٢,5486
كفو,5487
والنتج,5488
المناطق,5489
عصام,5490
ويا,5491
ريت,5492
تجيب,5493
بارتنر,5494
لاف,5495
ارجوك,5496
المهمة,5497
الأكمل,5498
ورد,5499
بارخص,5500
تنافسي,5501
مقلده,5502
وثااابت,5503
ويروطب,5504
ويدوووم,5505
طووويلا,5506
مطلووووب,5507
تاخير,5508
بشراءه,5509
وتعامل,5510
ممتاااااااااز,5511
بالمطلوب,5512
بمدى,5513
سوئه,5514
وأنه,5515
فاضي,5516
مايميزة,5517
خفه,5518
وزنه,5519
عيبه,5520
عرضكم,5521
يقول,5522
زلك,5523
اسواعطر,5524
بتسود,5525
تلزق,5526
هتعرق,5527
حطت,5528
اللزقة,5529
ماية,5530
اسودت,5531
برضوا,5532
كون,5533
جسمها,5534
عازل,5535
للحرارة,5536
يابانية,5537
وعالية,5538
تأتي,5539
كتابة,5540
ومميزات,5541
بالعربي,5542
كأس,5543
الويسكي,5544
للزينه,5545
مكسيكيه,5546
البصمة,5547
شفاف,5548
بألوان,5549
الفايدة,5550
المرجوة,5551
وتبيينها,5552
لامور,5553
المحرك,5554
القي,5555
ولاني,5556
اخری,5557
الشريط,5558
مكانه,5559
وتتوسع,5560
المحفظة,5561
وتصير,5562
بشمل,5563
للبالغين,5564
الحكم,5565
لغر,5566
توريده,5567
فايبر,5568
ويخرب,5569
ترنس,5570
استبن,5571
اتحرق,5572
شغلتو,5573
والاكنها,5574
فضطررت,5575
واضاعة,5576
وقتي,5577
برودباند,5578
ادق,5579
سوتش,5580
توزيع,5581
وتقوية,5582
ادخال,5583
تليفون,5584
ومخالف,5585
لاجلة,5586
واعجبني,5587
وتركيبه,5588
ينثني,5589
السحب,5590
يتعقد,5591
بالاتصال,5592
والتواصل,5593
بشأن,5594
للمشتري,5595
يعدل,5596
الرياضه,5597
ز,5598
كن,5599
المشكله,5600
الوحيده,5601
يتقطع,5602
تمااام,5603
باستلام,5604
خاصيه,5605
حنفية,5606
البيبسي,5607
وينقصه,5608
ممتازةوشيك,5609
جهازي,5610
بسلبب,5611
وتفي,5612
اقتناؤها,5613
للعنايه,5614
بالبشره,5615
والحصول,5616
جسد,5617
جروح,5618
نظر,5619
لرأسها,5620
الناعم,5621
ومساعدة,5622
التجدد,5623
اكار,5624
فشل,5625
سوني,5626
ماحطتش,5627
شكرآ,5628
لتعاملكم,5629
الراقي,5630
الهديه,5631
جت,5632
السواره,5633
خشب,5634
والماركه,5635
لاغنى,5636
لبيتك,5637
اداواتك,5638
وعدتك,5639
قاتمه,5640
اضائتها,5641
ضرر,5642
للعين,5643
عينى,5644
اصيبت,5645
اصبت,5646
بصداع,5647
وزغلله,5648
ربطها,5649
تشويش,5650
لشحنها,5651
أجد,5652
شاهدت,5653
عروضا,5654
التلفزيون,5655
المدهش,5656
أمكانياته,5657
متعطله,5658
وللأسف,5659
المعروضه,5660
سوداء,5661
التاجرة,5662
صادقة,5663
يجعلك,5664
بأنك,5665
تدفع,5666
والقلم,5667
وستكر,5668
الحماية,5669
كنوعيه,5670
السعو,5671
المشد,5672
تفتت,5673
لبسه,5674
ورداءة,5675
حياكته,5676
يشعرك,5677
بانه,5678
لايمت,5679
للجودة,5680
اقفعليى,5681
اسوأ,5682
الصناعة,5683
منخفظه,5684
استغرابي,5685
لنظارة,5686
الاطار,5687
بالنظارة,5688
مطبوع,5689
بولرايزد,5690
عريضة,5691
للبطارية,5692
يتعدي,5693
لسفر,5694
للشباب,5695
لتمارين,5696
العقله,5697
واستعمالها,5698
أقدتي,5699
فضيع,5700
الاخري,5701
للصورةجودته,5702
جيدةووصلت,5703
التطبيقات,5704
متغيره,5705
والتحميل,5706
ثقيل,5707
الكتاب,5708
قرابة,5709
الخمس,5710
التنزيل,5711
بالايباد,5712
اياخد,5713
تستعملها,5714
تجعل,5715
هاتفك,5716
ممتلئ,5717
شغلته,5718
واول,5719
اشغله,5720
ضرب,5721
حطيته,5722
شرارة,5723
وربي,5724
لطف,5725
وسلم,5726
تبدلت,5727
ومماطلة,5728
ويظهر,5729
فقاعات,5730
الفقاعات,5731
قفل,5732
فليس,5733
ذنب,5734
للايباد,5735
كفر,5736
إير,5737
٢,5738
وكلفتها,5739
حافات,5740
الشحناتويسرني,5741
1010,5742
مائعه,5743
مستويه,5744
صلبه,5745
سحب,5746
تتحول,5747
متداخله,5748
والرجوع,5749
لوضعها,5750
افرح,5751
ولايعمل,5752
اضطر,5753
نزع,5754
يستقر,5755
وبطيئة,5756
تاتي,5757
بالملحفات,5758
تعطي,5759
جاذبية,5760
أحببتهااااا,5761
وبسعررر,5762
هيتر,5763
سخان,5764
يعتمد,5765
كهربة,5766
بطرفين,5767
موجب,5768
سالب,5769
يؤدى,5770
نأيين,5771
هيدروجين,5772
أكسجين,5773
ستشرب,5774
كيمائية,5775
آمن,5776
وضعت,5777
لمست,5778
موصل,5779
ستصعقك,5780
تحذير,5781
أسفل,5782
بالانجليزية,5783
فالمنتج,5784
الإناء,5785
تركى,5786
يه,5787
لفصله,5788
بيان,5789
أتوماتيكى,5790
ملقتش,5791
ومعاه,5792
وعليه,5793
سكرينة,5794
متركبة,5795
شبيهة,5796
بالسامسونج,5797
بيتقل,5798
تطبيق,5799
لاباس,5800
الريحه,5801
تبعه,5802
مدتها,5803
12ساعه,5804
ثالثا,5805
رحيته,5806
130,5807
مذهله,5808
اقترانها,5809
بالبلوتوث,5810
البعيد,5811
عنكم,5812
سرطان,5813
يشفيها,5814
سان,5815
برست,5816
واستفادت,5817
قسم,5818
ماهي,5819
مصدقة,5820
لصنع,5821
قصيرة,5822
العمر,5823
الافتراضي,5824
للحفر,5825
عليهم,5826
تشاء,5827
فنان,5828
بالخط,5829
والرسم,5830
خمتها,5831
شويه,5832
الحفلات,5833
وأثناء,5834
التلفاز,5835
ليمون,5836
الدارج,5837
المصرى,5838
مكونا,5839
نقاط,5840
خلاف,5841
عمق,5842
فهذا,5843
مضروب,5844
السلامة,5845
لطفل,5846
وهمي,5847
ادري,5848
متناسبه,5849
التطوير,5850
والتحديث,5851
الاستفادة,5852
ويبارك,5853
تجارتك,5854
بضبط,5855
انيقه,5856
وفعلا,5857
عصريه,5858
وتتسع,5859
البطاقات,5860
والاموال,5861
والاوراق,5862
والهاتف,5863
واعطيها,5864
تقيمي,5865
512,5866
معاد,5867
تصنيعه,5868
كماأني,5869
الأعلى,5870
اطعمة,5871
ووزنه,5872
البرفيوم,5873
اوريجنال,5874
وبيقعد,5875
للغاااااااااااااية,5876
ااا,5877
ومرتب,5878
يحمل,5879
فرش,5880
اسنان,5881
المعجونفكره,5882
طبية,5883
المصنوعه,5884
للاهل,5885
صدقاء,5886
الزملاء,5887
للمخدة,5888
الطبية,5889
علاقة,5890
وسيبك,5891
الكف,5892
بيسيب,5893
بيحصل,5894
الكلام,5895
اسفنجة,5896
باقل,5897
موقعهم,5898
وشحنه,5899
لكتبته,5900
وضعيفه,5901
أسبوعين,5902
يمكنها,5903
الأيباد,5904
عاموديا,5905
وندمت,5906
اشد,5907
الندم,5908
اشترتها,5909
اقتناء,5910
ومنتج120,5911
ممــــــــــــتاز,5912
جــــــــــدا,5913
جـــدا,5914
وتجاوب,5915
جـــــــــــدا,5916
راقي,5917
وممــــــــــتاز,5918
ولكني,5919
فوجئت,5920
باور,5921
الضوء,5922
ومتعدد,5923
لتخزين,5924
البخور,5925
تالتحميل,5926
الزائد,5927
طريقه,5928
لانني,5929
معرفه,5930
كيفيه,5931
رونيموون,5932
لأجهزة,5933
مزوده,5934
لقلم,5935
جربوها,5936
جداااجدااامو,5937
وسيع,5938
ينحط,5939
بالفكره,5940
ولابد,5941
بحذر,5942
الطي,5943
مصنوعه,5944
البلاستك,5945
الثقيلة,5946
الكورن,5947
فليكس,5948
يفضلون,5949
نفسي,5950
النظافة,5951
وامن,5952
أجدها,5953
تبوك,5954
وأخيرا,5955
وجدتها,5956
ممتاذه,5957
عنده,5958
ملاحة,5959
خرائط,5960
والاردن,5961
المغرب,5962
اوروبا,5963
بريطانيا,5964
افريقا,5965
لازال,5966
ذاتها,5967
تتغير,5968
و60,5969
متناسب,5970
وخامة,5971
أرجو,5972
آلا,5973
يستفيد,5974
غيرى,5975
بثقة,5976
تعليقي,5977
تخفيضه,5978
بيومين,5979
اعلان,5980
تخفيضات,5981
مرتقبه,5982
اتمكن,5983
الأستفاده,5984
داعم,5985
للرأس,5986
قاسي,5987
ومفيش,5988
بكر,5989
استرتش,5990
كشاف,5991
750,5992
تعديل,5993
مافهمت,5994
نقطة,5995
بنت,5996
وابي,5997
تفيدونا,5998
اختيارة,5999
الحرمين,6000
3007,6001
ومنبه,6002
لاكنها,6003
اااااااااااااااااااااااااااااااااا,6004
الميه,6005
ودا,6006
كدب,6007
المشترك,6008
بتحويل,6009
إشارة,6010
محول,6011
للإشارة,6012
يمتاز,6013
بصوت,6014
وخيارات,6015
وغنية,6016
ومعقول,6017
مسن,6018
مثبت,6019
بلاستكية,6020
الجحجم,6021
تلائم,6022
السكاكين,6023
لابد,6024
ضغط,6025
التقييم,6026
للمتج,6027
لامكانياته,6028
والتوكيل,6029
يدم,6030
بامتلاك,6031
العصارة,6032
لجودتها,6033
ونقاء,6034
العصير,6035
ودفعت,6036
الماستر,6037
كارد,6038
ابلاغي,6039
جاد,6040
يرغب,6041
بان,6042
ويستخدمها,6043
سيئية,6044
متفككة,6045
اماكنها,6046
وارسلت,6047
ايميل,6048
بذلك,6049
واكتشفت,6050
المحاور,6051
العجله,6052
مشوه,6053
ومبتور,6054
وناقص,6055
الجهات,6056
فالعجلة,6057
لاتثبت,6058
الشديد,6059
ونطلب,6060
العوض,6061
ماكينه,6062
ورخيصة,6063
بالماركة,6064
وبتوفر,6065
لمراكز,6066
التجميل,6067
بتقل,6068
الحاجب,6069
للحواجب,6070
وازالة,6071
مناطق,6072
عجبتنى,6073
للحاجب,6074
للى,6075
بتعرف,6076
لنظافة,6077
ومبدع,6078
والاسعار,6079
ويكفي,6080
مكة,6081
المكرمة,6082
ليلي,6083
انجل,6084
الرسم,6085
والطباعة,6086
الأظافر,6087
للسباحة,6088
للغوص,6089
والخامه,6090
السسته,6091
الحواجز,6092
وابلغت,6093
صديقي,6094
التصنع,6095
وصناعة,6096
خبرة,6097
التظبيط,6098
اسطوانة,6099
جل,6100
وحمايه,6101
فالحقيقه,6102
بالاستعمال,6103
والتركيز,6104
الباع,6105
وعندهم,6106
التزام,6107
بالشروط,6108
وسوق,6109
طبق,6110
المصداقية,6111
وبسيط,6112
ملوش,6113
اختصار,6114
التحضير,6115
جبد,6116
استعملة,6117
وتعطل,6118
ولاعة,6119
حرق,6120
الفيوز,6121
بالولاعة,6122
تشتروها,6123
محفظة,6124
ومكشوطة,6125
مستعمله,6126
زجاجها,6127
مخدش,6128
ومكسور,6129
يمدحها,6130
الشورت,6131
اكس,6132
لارج,6133
واسع,6134
جدااااااااااا,6135
أصلا,6136
يشتريه,6137
ببلاش,6138
صرف,6139
زجاجه,6140
والحنفيات,6141
وتستهلك,6142
والتبريد,6143
الثلاجه,6144
21,6145
تشكيله,6146
احتياجااتنا,6147
اليوميه,6148
السيدات,6149
حالات,6150
الطوارئ,6151
الكهربائيوالاطفال,6152
يستمتعون,6153
ببالاضاءه,6154
وخروج,6155
اامياه,6156
انسيابي,6157
واصبح,6158
الحقائب,6159
وامتع,6160
السهل,6161
ايجاد,6162
صفات,6163
موجوده,6164
المكونات,6165
بلاستيكيه,6166
تساوى,6167
بلسم,6168
يزيل,6169
ازالة,6170
ودقيقة,6171
والاضاءة,6172
مساعدة,6173
وأشكركم,6174
الدقة,6175
والسرعة,6176
موعد,6177
بالرسيفر,6178
لل,6179
كمبيوتر,6180
أقرب,6181
الزينة,6182
العملية,6183
بيتز,6184
غنية,6185
ممصم,6186
توصيلات,6187
لاتستهلك,6188
المازر,6189
بيتسد,6190
القهوة,6191
والقهوة,6192
ولجودتها,6193
ولاكتمال,6194
ومصداقيتها,6195
فص,6196
فضي,6197
طرف,6198
احس,6199
وبشحنها,6200
للاخر,6201
توضح,6202
اتشحنت,6203
تفضل,6204
تشحنها,6205
هاتقول,6206
1500,6207
الدوس,6208
يجعل,6209
ومعقد,6210
المعالج,6211
يتعامل,6212
الانظمة,6213
لمعالجات,6214
الأحذية,6215
والمحافظ,6216
نظافتها,6217
واختيار,6218
وراجع,6219
المتجر,6220
يريت,6221
تجبلناا,6222
للجالكسي,6223
الممتاز,6224
المعقولة,6225
الشفراااااات,6226
حاااادة,6227
تلمة,6228
وبقوه,6229
الاحترافية,6230
تجهيز,6231
تغليفها,6232
جزاكم,6233
خيرا,6234
مرااا,6235
تجمع,6236
اغتنام,6237
مساحهة,6238
ومنظمة,6239
ومرتبة,6240
البيبي,6241
واجهت,6242
والطريقة,6243
باليوتيوب,6244
اكتبو,6245
سرير,6246
حاطط,6247
موبيل,6248
عامل,6249
فيبرايشين,6250
رقبتك,6251
وتسبب,6252
ولانصح,6253
ولاسف,6254
ارغب,6255
اعادتها,6256
ورديئة,6257
للزجاج,6258
والبودي,6259
والداخليه,6260
لشركه,6261
عاميه,6262
الاوقات,6263
فئه,6264
عمريه,6265
بالاضافه,6266
تختلف,6267
الخدشات,6268
لأخرى,6269
فيلم,6270
تألم,6271
نقى,6272
اوى,6273
الصفات,6274
صحيحة,6275
المساج,6276
الطويلة,6277
أصبحت,6278
براحة,6279
أعد,6280
أعاني,6281
باطن,6282
قلنالكم,6283
ويؤلم,6284
الأذن,6285
للسماعات,6286
مسطح,6287
ويجب,6288
إرتفاع,6289
الكثافة,6290
زادت,6291
تناثر,6292
يأتي,6293
للتركيب,6294
انصدمت,6295
عرفت,6296
العقارب,6297
بدخل,6298
وعلمي,6299
صلتني,6300
باختصار,6301
وموفقة,6302
ضاغط,6303
الاذن,6304
افكار,6305
تختار,6306
روائح,6307
يشترية,6308
كارت,6309
المدمج,6310
واعجبتني,6311
ودقيقه,6312
مثلما,6313
ذكره,6314
فالاعلان,6315
فشكرا,6316
تستحقون,6317
الاشاده,6318
والشكر,6319
ميموري,6320
ونقل,6321
وســـهــــلة,6322
شبــــك,6323
لتعـــــــزيز,6324
حلق,6325
الغالب,6326
الضعيف,6327
الحفر,6328
وتسبيتها,6329
بمسامير,6330
الصلب,6331
وثابته,6332
ردئية,6333
لإزالة,6334
السطحية,6335
تغني,6336
ورش,6337
تمنيت,6338
اقطع,6339
البطاطس,6340
حلزونيه,6341
ماتعمل,6342
الصحيحه,6343
تساوي,6344
وشكله,6345
١٠١٠,6346
مجربتش,6347
بقي,6348
هيحرر,6349
ولالا,6350
الشتا,6351
هيبقي,6352
هيدفي,6353
دبل,6354
صريحة,6355
المفترض,6356
الشرح,6357
خادعة,6358
آمل,6359
توضيح,6360
لوحه,6361
الكترونيه,6362
بالدوائر,6363
وبامكان,6364
البحث,6365
لمعرفه,6366
فوائدها,6367
التعليمية,6368
البسيطة,6369
والاستعمال,6370
لاعطيتها,6371
راااائعه,6372
ومقلده,6373
ولاتتعرف,6374
تكفي,6375
اربع,6376
بطاقات,6377
أنصحش,6378
تشتريها,6379
شوب,6380
جالكسى,6381
الأخر,6382
نشتريله,6383
تستعمله,6384
إنه,6385
وتحدد,6386
تكفى,6387
وكاتب,6388
الوصلة,6389
تبعيته,6390
بتستخبى,6391
جواه,6392
اختراعات,6393
يلا,6394
فعل,6395
رمضان,6396
تحتمل,6397
سيكون,6398
استفاده,6399
الفائده,6400
المرجوه,6401
لبس,6402
للحلق,6403
خلعته,6404
انفصلت,6405
اللؤلؤ,6406
اختارتها,6407
تسوها,6408
معى,6409
عجبتنا,6410
اشترينا,6411
دت,6412
عشره,6413
ولاحضت,6414
يبدو,6415
يرتديه,6416
يخفي,6417
الكرش,6418
وعملى,6419
فواح,6420
بالتركيز,6421
والثبات,6422
للمناطق,6423
الحارة,6424
الدرجة,6425
التركيز,6426
بالامكان,6427
نوعين,6428
ومركز,6429
كهذا,6430
التهاب,6431
جيوب,6432
أنفية,6433
التأخير,6434
كالعادة,6435
للجوالات,6436
وجيده,6437
وقوته,6438
حقيقية,6439
للذي,6440
اتمزع,6441
وطلعت,6442
الحشوة,6443
الارقام,6444
واضحه,6445
وتجربتي,6446
للكاميرات,6447
البداية,6448
ومكتوب,6449
وبلد,6450
المنشاء,6451
دى,6452
شىءوارجو,6453
لانى,6454
دود,6455
واصليةارجو,6456
سمحتوا,6457
يوفي,6458
نوكيا,6459
قيمه,6460
الامكانيه,6461
أحبتها,6462
طفلة,6463
أختي,6464
تتناول,6465
طعامها,6466
والأجمل,6467
تريد,6468
تستخدمها,6469
بنفسها,6470
الاوان,6471
ومواكبه,6472
للموضه,6473
والوانها,6474
مفعولها,6475
وتأثيرها,6476
ستلاحظين,6477
الإيجابية,6478
باذن,6479
اداء,6480
بصنع,6481
البيتزا,6482
بجودة,6483
ماتستاهل,6484
حيد,6485
يملكون,6486
السامسونج,6487
بالحصل,6488
بصفة,6489
احتياط,6490
مغشوش,6491
الريحة,6492
ماتجلس,6493
ملحقاته,6494
ساعدني,6495
تقليل,6496
أحتفظ,6497
الإنتهاء,6498
الرغبة,6499
ملخصاتها,6500
اللعبه,6501
ورسومها,6502
خورافيه,6503
رااااااااااااااائعه,6504
مايتردد,6505
فوراااااا,6506
المسكارا,6507
والشادو,6508
فرشة,6509
الشادو,6510
بالي,6511
واتس,6512
دام,6513
تويتر,6514
وفيس,6515
بوك,6516
ولايدعمه,6517
هالجهاز,6518
جداااااااا,6519
وومتازه,6520
المصورين,6521
بتكون,6522
وتضبط,6523
للمناظر,6524
ادخلني,6525
شكك,6526
ﻻ,6527
السائل,6528
جعلني,6529
التقطير,6530
عديمة,6531
وبتغليف,6532
مميزاته,6533
باقتناءه,6534
أحجام,6535
أكبر,6536
الفوائد,6537
بالاوديو,6538
موبايلين,6539
الصيدلايات,6540
أسوء,6541
تقيما,6542
بتتلف,6543
وردية,6544
بانصح,6545
واسعه,6546
ومبطنه,6547
تتكسر,6548
جواها,6549
الاسود,6550
بتاعها,6551
والسوست,6552
الشنطه,6553
الوسط,6554
فخامة,6555
ألوان,6556
نفسيا,6557
لمصداقية,6558
فائقة,6559
امين,6560
ساكرر,6561
لشركة,6562
وتسهل,6563
فرشاته,6564
امن,6565
وذا,6566
متناسبة,6567
سىئ,6568
ولاهي,6569
الرجاء,6570
الأمانه,6571
والمصداقيه,6572
صلاحيتها,6573
منج,6574
ودقيق,6575
اعطاني,6576
الفكره,6577
ومهم,6578
تحتاجه,6579
للقدرة,6580
شغلت,6581
المروحة,6582
هتشتغل,6583
فرشاة,6584
الغبار,6585
الاليكتروستاتيكية,6586
تعبئة,6587
خصوصة,6588
العزومات,6589
للمشروبات,6590
الغازية,6591
العائلية,6592
بكافة,6593
اشكالها,6594
وانواعها,6595
صدقه,6596
وامانته,6597
وتسليمها,6598
متوقعا,6599
بتقطيع,6600
الخضراوات,6601
بعصرها,6602
يدمرها,6603
ويجعلها,6604
الفعلى,6605
زوجتى,6606
امى,6607
مشتريات,6608
بجوانبها,6609
كليبس,6610
لتثبيت,6611
ممتاازة,6612
المشتملات,6613
المانى,6614
براسين,6615
ملاقيط,6616
لاتتحمل,6617
مركون,6618
أشعر,6619
بالنعومة,6620
لتحصل,6621
نتيجة,6622
أعجبني,6623
هدوءها,6624
إمكانية,6625
الإستحمام,6626
والأحسن,6627
الستينلز,6628
ستيل,6629
للصداء,6630
سلبيه,6631
قيكة,6632
صينى,6633
انسيابية,6634
بتغير,6635
حافظة,6636
تغنيك,6637
حمل,6638
المحافظ,6639
المزعجة,6640
للجيب,6641
باستطاعتك,6642
للكرت,6643
المهم,6644
تاخر,6645
للاوقات,6646
الحرجة,6647
هنالك,6648
ويعلق,6649
ويعيد,6650
ماتور,6651
تقص,6652
التبديل,6653
وارسال,6654
مدوب,6655
للتبدين,6656
اقرب,6657
لمشاركة,6658
وسائط,6659
والاجهزة,6660
اللوحية,6661
والتابلت,6662
اﻷسرة,6663
التام,6664
بالجوال,6665
والاستخدام,6666
بالمكالمات,6667
تبقى,6668
الاطراف,6669
مكشوفة,6670
مميزوجميل,6671
10دقائق,6672
ببطارية,6673
اللديتر,6674
بالدرجة,6675
المئوية,6676
وتراقب,6677
حاجات,6678
تتمدد,6679
التسريب,6680
الربط,6681
المقص,6682
مهتمون,6683
بوجبة,6684
الفطور,6685
للوقوف,6686
وصنع,6687
وتتمتع,6688
بنقاء,6689
ومميزه,6690
نظير,6691
الاقتران,6692
توفيرها,6693
دئم,6694
المستواء,6695
الامامول,6696
وخفيف,6697
واللونين,6698
البيج,6699
والاسود,6700
متناسقه,6701
ورايقه,6702
وناعمه,6703
وموديله,6704
استلمته,6705
يغلق,6706
تلقائيا,6707
تحولت,6708
واتحدث,6709
وخالي,6710
العيوب,6711
تعالى,6712
يغنيك,6713
بـ,6714
100ريال,6715
150,6716
طولت,6717
معاي,6718
٥,6719
انزل,6720
اطفيها,6721
والشئ,6722
الكرتون,6723
تشبك,6724
بوقت,6725
هالكلام,6726
تحسفت,6727
بهالسعر,6728
ماخذ,6729
ونأسف,6730
يستطيعون,6731
اقامة,6732
ظهرهم,6733
وصلتها,6734
يقطعها,6735
يبقة,6736
علامات,6737
مخزن,6738
بمنفذ,6739
وغبار,6740
سواقة,6741
الأقراص,6742
يصدر,6743
اصوات,6744
قراءة,6745
الاقراص,6746
بتجربة,6747
قرص,6748
بقراءتها,6749
طلعت,6750
واظن,6751
ذالك,6752
المخفض,6753
بحد,6754
ذاتتة,6755
تكمن,6756
الزائدة,6757
الحد,6758
شريحتين,6759
وعشان,6760
واخدت,6761
ونوعيتها,6762
ولاتوثر,6763
وجفاف,6764
تام,6765
الليل,6766
ولايوجد,6767
تسريب,6768
بتغيير,6769
والضخ,6770
للرحلات,6771
وتغنيك,6772
قلب,6773
الجالون,6774
الحشيش,6775
الأفغاني,6776
والتساقط,6777
وصحي,6778
بدة,6779
للكسر,6780
المتميز,6781
الاثنا,6782
لصورة,6783
